time,weather_code (wmo code),wind_speed_10m_max (km/h),wind_direction_10m_dominant (°),rain_sum (mm),precipitation_sum (mm),shortwave_radiation_sum (MJ/m²),apparent_temperature_mean (°C),apparent_temperature_max (°C),apparent_temperature_min (°C)
01-01-2020,3,19.7,1,0,0,16.95,24.3,25.7,22.9
02-01-2020,2,22.2,348,0,0,16.63,24.7,25.6,23.2
03-01-2020,3,31.3,355,0,0,17.03,22.6,24.9,20.5
04-01-2020,2,32,356,0,0,17.28,22,23.9,20.1
05-01-2020,0,27.1,18,0,0,17,24.8,29.4,21.6
06-01-2020,0,24.4,345,0,0,16.89,26.5,28.9,23.3
07-01-2020,1,25.7,331,0,0,16.79,27.3,28.4,26.4
08-01-2020,51,26.7,344,0.1,0.1,16.16,25.4,28.5,20.5
09-01-2020,2,34.7,358,0,0,17.48,22.2,24.6,20.1
10-01-2020,2,26.3,13,0,0,17.17,25.7,30.6,21.9
11-01-2020,1,19.2,11,0,0,16.88,27.8,30.6,24.9
12-01-2020,51,21.5,339,0.4,0.4,17.28,27.8,29.6,25.6
13-01-2020,53,23.4,341,0.8,0.8,16.49,26.7,28,25.1
14-01-2020,51,33,353,0.4,0.4,16.92,23.8,26.4,21.6
15-01-2020,1,31.6,344,0,0,17.38,21.4,22.8,20.5
16-01-2020,1,30.1,357,0,0,17.93,19.4,22.5,16.4
17-01-2020,0,33.1,357,0,0,18.57,18.5,19.9,16.4
18-01-2020,2,27.3,356,0,0,18.1,21.7,24.1,17.9
19-01-2020,0,25.6,347,0,0,17.96,24.2,26.2,21.2
20-01-2020,0,22.5,345,0,0,18,26.1,28.6,23.7
21-01-2020,1,24,340,0,0,17.96,26,27.2,24.1
22-01-2020,1,27.1,352,0,0,18.03,25.5,27,24.5
23-01-2020,0,30.9,353,0,0,18.31,26.1,28.5,24.7
24-01-2020,0,27.4,351,0,0,18.49,26.5,28.1,25.3
25-01-2020,3,30.6,346,0,0,18.28,25.8,27.6,24.7
26-01-2020,0,23.3,328,0,0,18.37,26.8,27.9,26
27-01-2020,1,18.1,310,0,0,18.66,26.4,28,25.3
28-01-2020,51,22.7,321,1,1,16.7,24.5,26.8,23.2
29-01-2020,51,33,348,0.1,0.1,17.31,20.5,23.6,19
30-01-2020,3,31.6,352,0,0,19.7,21.1,23.7,19.1
31-01-2020,0,29.3,345,0,0,19.52,21.6,23.1,20.4
01-02-2020,0,30.7,347,0,0,19.53,23.1,26.1,19.9
02-02-2020,3,18.4,297,0,0,19.63,26.1,27.2,24.6
03-02-2020,3,17.7,301,0,0,19.38,26.2,26.7,25.3
04-02-2020,3,28.8,348,0,0,19.48,23.5,25.9,21.2
05-02-2020,2,31.4,346,0,0,19.75,22.8,24.3,20.9
06-02-2020,3,27.7,342,0,0,20.45,23.2,24.2,21.7
07-02-2020,2,31.6,343,0,0,20.64,21.9,23.7,20.1
08-02-2020,0,40.2,356,0,0,20.14,23,25.8,21.4
09-02-2020,3,38.9,13,0,0,20.07,24,29.1,22.3
10-02-2020,3,29.1,6,0,0,19.57,26.3,30,24.3
11-02-2020,3,24.3,358,0,0,15.78,27.7,31.8,26.2
12-02-2020,3,24.9,2,0,0,15.94,28.3,33.8,25.5
13-02-2020,2,31.9,0,0,0,16.93,27.5,31.9,25.2
14-02-2020,0,32.6,351,0,0,20.74,26.1,28.9,24.5
15-02-2020,0,30.8,343,0,0,21.01,24.6,26.4,23.7
16-02-2020,0,25.5,337,0,0,20.98,26.1,28,23.9
17-02-2020,0,20.8,332,0,0,21.01,28.1,29.5,26.5
18-02-2020,0,23.4,318,0,0,21.23,29,30.7,27
19-02-2020,2,22.7,330,0,0,21.39,28.3,29.9,27.5
20-02-2020,2,23.7,337,0,0,21.34,27.9,29.6,26.7
21-02-2020,3,28.9,341,0,0,21.53,26.8,28.2,25.3
22-02-2020,3,27.7,344,0,0,21.59,27,28.3,25
23-02-2020,0,29.5,340,0,0,21.68,26.6,28.4,25.6
24-02-2020,3,29.5,345,0,0,22.19,26.4,27.6,24.9
25-02-2020,2,32.4,359,0,0,22.56,25.9,30.5,23.9
26-02-2020,0,27.5,358,0,0,22.53,26.7,30.7,23.7
27-02-2020,0,25.4,2,0,0,22.65,27.6,33.1,24
28-02-2020,0,27.2,339,0,0,22.42,27.7,28.7,26.4
29-02-2020,0,28.6,332,0,0,22,27.9,29.8,26.4
01-03-2020,0,28.3,334,0,0,22.13,27.1,28.3,26
02-03-2020,1,20.1,316,0,0,22.72,28,28.8,26.9
03-03-2020,51,18.7,300,0.2,0.2,21.88,27.9,30.1,26.4
04-03-2020,2,22.4,312,0,0,21.36,27.1,28.1,25.8
05-03-2020,1,21.7,278,0,0,21.83,27,29,25.7
06-03-2020,1,24.1,270,0,0,20.32,26.4,27.4,25.3
07-03-2020,51,26.6,336,0.3,0.3,22.23,24.8,25.5,23.4
08-03-2020,0,24.3,328,0,0,23.22,25.4,26.5,23.7
09-03-2020,0,24.6,318,0,0,22.91,26.7,28,25
10-03-2020,2,18.3,316,0,0,19.87,27.1,27.9,25.2
11-03-2020,1,24.4,320,0,0,23.25,25.5,26.7,24.6
12-03-2020,3,27.9,337,0,0,21.84,24.3,25.8,23.1
13-03-2020,3,39,349,0,0,23.63,22.4,24.8,21
14-03-2020,3,36.4,353,0,0,24.74,23.8,26.4,20.1
15-03-2020,3,23.8,351,0,0,23.74,27.2,29.9,22.6
16-03-2020,0,25.1,333,0,0,23.53,28.6,31.4,25.7
17-03-2020,1,27.4,332,0,0,23.53,29.2,30.1,28
18-03-2020,1,21.8,320,0,0,23.57,29.5,30.8,28.3
19-03-2020,2,21.7,327,0,0,24.5,28.7,29.8,27.7
20-03-2020,2,19.2,304,0,0,23.54,28.8,30.1,27.7
21-03-2020,2,26.5,333,0,0,23.93,28,29.9,27
22-03-2020,1,31.3,333,0,0,23.94,28.2,30.2,26.6
23-03-2020,1,28.3,333,0,0,24.03,29.7,31.3,28.8
24-03-2020,3,26.4,306,0,0,23.93,31.2,33.6,29.9
25-03-2020,2,22.2,221,0,0,23.63,32.5,33.3,31.8
26-03-2020,1,23.8,281,0,0,22.19,32.2,33.5,29.4
27-03-2020,1,35.3,338,0,0,21.92,29.5,32.2,27.9
28-03-2020,1,36.1,340,0,0,22.67,28.6,30.8,27.4
29-03-2020,0,32,339,0,0,24.25,29.1,31,27.7
30-03-2020,0,24.2,323,0,0,24.39,30.6,31.6,29.9
31-03-2020,3,29.8,330,0,0,24.18,29.7,30.9,28.2
01-04-2020,2,33.2,335,0,0,24.85,29.4,31.1,27.2
02-04-2020,0,30.8,332,0,0,24.88,30,31.2,28.9
03-04-2020,2,31.1,323,0,0,24.74,31,32.4,29.2
04-04-2020,0,28.3,315,0,0,25.01,31.3,32.7,29.7
05-04-2020,1,23.5,263,0,0,25.15,31.8,33.1,30.6
06-04-2020,3,22.9,246,0,0,24.47,31.5,32.5,30.7
07-04-2020,3,20.1,278,0,0,24.24,31.4,32.7,30
08-04-2020,0,28.1,286,0,0,24.93,30.7,32.5,28.8
09-04-2020,0,30.5,321,0,0,25.55,30.6,32,29
10-04-2020,0,31,321,0,0,24.93,31.5,32.8,29.9
11-04-2020,1,26.1,313,0,0,24.01,32.5,34.7,31
12-04-2020,1,21.6,231,0,0,24.8,33.3,34.3,32.7
13-04-2020,1,24.9,219,0,0,24.01,33.1,34.1,32.4
14-04-2020,2,27.9,263,0,0,24.81,33.6,34.9,32
15-04-2020,2,24.7,212,0,0,23.63,33.5,34.6,32.3
16-04-2020,3,25.2,209,0,0,24.94,33.3,34.4,32.2
17-04-2020,3,23.6,258,0,0,24.34,33.4,34.3,32.2
18-04-2020,2,24.7,258,0,0,25.06,33.9,34.8,32.5
19-04-2020,2,30.8,322,0,0,24.65,33.8,35.3,32.1
20-04-2020,0,31,333,0,0,25.86,33.1,34.8,31.7
21-04-2020,2,24.5,298,0,0,25.96,33.4,35,32
22-04-2020,2,27.2,264,0,0,25.32,34.1,35.2,32.1
23-04-2020,3,25.5,285,0,0,25.25,33.7,35,32.3
24-04-2020,0,25.2,272,0,0,25.48,34,35.5,32.7
25-04-2020,1,23,271,0,0,25.46,33.4,34.6,32
26-04-2020,2,31.7,311,0,0,25.88,33.2,35.1,30.9
27-04-2020,1,28.3,302,0,0,25.08,32.8,34.4,30.8
28-04-2020,1,35.2,328,0,0,25.44,33.3,34.4,31.8
29-04-2020,2,23.9,259,0,0,24.65,34.9,36.1,34
30-04-2020,2,20.2,270,0,0,23.49,34.4,35.4,33.8
01-05-2020,2,25.5,290,0,0,22.1,33.9,35,32.7
02-05-2020,3,28.6,307,0,0,24.51,34,35.5,32.6
03-05-2020,2,25,312,0,0,25.52,33.8,35,32.6
04-05-2020,2,23.1,300,0,0,25.65,33.9,34.7,33
05-05-2020,2,27.7,318,0,0,25.23,34.4,35.3,32.8
06-05-2020,1,28,301,0,0,26.05,34.8,36.4,33.7
07-05-2020,1,26.8,286,0,0,26.06,34.1,35.3,32.4
08-05-2020,2,23.6,287,0,0,25.84,33.8,34.9,32.3
09-05-2020,1,25.8,310,0,0,25.44,33.9,34.8,32.4
10-05-2020,2,29.9,309,0,0,25.69,34.4,35.6,32.2
11-05-2020,1,28.7,318,0,0,25.82,33.9,35.2,31.9
12-05-2020,2,26.8,316,0,0,25.74,33.6,35.6,31.7
13-05-2020,2,26.1,310,0,0,24.58,34.5,35.7,33.1
14-05-2020,2,30,310,0,0,25.31,34.4,35.3,33.1
15-05-2020,3,31.9,320,0,0,25.28,34,35.2,32
16-05-2020,3,25.8,307,0,0,21.74,34.6,35.5,32.7
17-05-2020,51,32,313,0.1,0.1,22.26,33.9,35.1,32.2
18-05-2020,3,27.2,307,0,0,22.87,33.2,34,32.7
19-05-2020,51,24,292,0.1,0.1,22.53,33.4,34.2,32.5
20-05-2020,3,19.1,273,0,0,25.38,33.7,34.9,32.9
21-05-2020,2,23.5,266,0,0,25.23,33.9,35.3,32.5
22-05-2020,1,21.4,286,0,0,23.6,34.2,35.2,33.4
23-05-2020,2,30.2,303,0,0,25.82,33.8,35.1,32.3
24-05-2020,3,25.4,302,0,0,25.06,34,34.7,33
25-05-2020,51,24.3,303,0.1,0.1,23.19,34.3,35.4,33.2
26-05-2020,51,21.2,278,0.2,0.2,23.49,34.3,34.9,33.5
27-05-2020,51,19.4,265,0.1,0.1,25.3,34,35.6,33.3
28-05-2020,51,20.8,264,0.1,0.1,24.38,34.1,35.5,33.4
29-05-2020,51,19.8,264,0.2,0.2,25.27,35.1,36.9,33.9
30-05-2020,51,20.6,299,0.4,0.4,25.19,35.2,36.7,33.8
31-05-2020,53,29.6,306,1.3,1.3,24.17,34.5,36.1,32.6
01-06-2020,63,19.1,267,16.8,16.8,7.28,33.6,35.2,32.3
02-06-2020,61,34.5,40,16.3,16.3,8.58,31.2,33.8,29.2
03-06-2020,65,84.5,339,119.2,119.2,2.69,28.5,33,22.1
04-06-2020,53,30,206,8.7,8.7,14.44,31.3,33.3,30
05-06-2020,53,34.9,192,5.6,5.6,20.34,31.1,32.3,30
06-06-2020,55,34.2,194,7.9,7.9,15.97,30.3,31.1,29.1
07-06-2020,53,31.4,198,6.8,6.8,16.94,30.7,31.5,29.9
08-06-2020,53,27.7,205,6.5,6.5,17.57,31.3,32.6,29.7
09-06-2020,55,19.3,213,6.2,6.2,19.56,32.4,33.1,31
10-06-2020,61,19.6,230,17.1,17.1,19.58,32.8,33.6,32.3
11-06-2020,61,19.9,207,7.4,7.4,15.5,32.1,32.9,31.4
12-06-2020,55,20.1,204,5.3,5.3,13.65,32.7,34,31.2
13-06-2020,63,19,198,10.4,10.4,12.36,32,32.9,30.8
14-06-2020,61,22.6,191,6.2,6.2,18.68,32.6,34.6,31.8
15-06-2020,63,19.6,217,21.1,21.1,16.1,32.5,34.3,31.9
16-06-2020,63,24.2,197,22.5,22.5,9.77,31.6,33.1,30.4
17-06-2020,63,36.2,191,35.4,35.4,9.93,30.1,31.4,28.6
18-06-2020,63,37.6,204,19.6,19.6,8.95,30.2,31.7,29.1
19-06-2020,53,28.5,204,4.7,4.7,17.28,31.5,32.7,30.6
20-06-2020,53,27.4,202,4.8,4.8,17.55,31.6,33.6,29.9
21-06-2020,55,27.9,203,8,8,15.78,31,32,30
22-06-2020,53,29.6,196,7.1,7.1,18.6,30.7,31.6,29.1
23-06-2020,53,38.3,185,5.1,5.1,21.59,29.7,30.5,28.9
24-06-2020,61,29.5,188,5.1,5.1,20.98,31.3,32.7,30
25-06-2020,61,22.7,198,5.2,5.2,20.87,32.8,34.5,30.9
26-06-2020,61,19.6,203,5.9,5.9,17.24,33.4,34.5,31.2
27-06-2020,61,20,211,8,8,18.27,33.3,34.9,31.2
28-06-2020,63,25.5,218,13.9,13.9,19.01,33,34.7,31.4
29-06-2020,61,17.9,227,16.2,16.2,9.27,32.5,33.5,31.1
30-06-2020,61,27.9,182,11.4,11.4,9.73,31.4,32.4,30.2
01-07-2020,61,28.7,193,14.7,14.7,15.18,30.7,31.5,29.8
02-07-2020,63,27.2,221,25.2,25.2,17.15,31.1,32.4,29.9
03-07-2020,63,34.8,248,43.4,43.4,15.43,30.7,33.2,29.4
04-07-2020,65,48,247,150.5,150.5,4.2,29.6,32,28.2
05-07-2020,63,39.8,228,24.4,24.4,7.13,29.7,31.3,28.3
06-07-2020,63,49,222,34.5,34.5,16.84,28.7,29.7,27.4
07-07-2020,63,41.4,223,33.9,33.9,10.45,29.7,30.9,27.9
08-07-2020,63,31.1,211,21.3,21.3,15.97,30.5,31.7,29.6
09-07-2020,55,30.1,207,13.5,13.5,12.56,30.6,31.2,29.7
10-07-2020,61,31.7,210,11.3,11.3,11.38,30.4,31.6,28.7
11-07-2020,61,30.9,211,12.9,12.9,13.61,30.1,31,29.2
12-07-2020,63,25,218,24.2,24.2,12.75,30.5,31.4,29.7
13-07-2020,63,23,237,42.3,42.3,13.96,30.5,31.2,30
14-07-2020,63,24.8,249,29.8,29.8,12.81,31.1,32,30
15-07-2020,63,33,257,61.6,61.6,6.51,30.1,31,29
16-07-2020,63,43.8,211,38.4,38.4,9.83,29.2,30.1,27.3
17-07-2020,63,40,195,29.1,29.1,15.6,28.9,29.7,28.2
18-07-2020,61,34.2,191,11.5,11.5,12.21,29.7,30.8,28.8
19-07-2020,53,19.5,212,6.1,6.1,17.64,31.8,33.3,30.7
20-07-2020,55,25.2,201,5.9,5.9,13.64,31.6,32.5,30.4
21-07-2020,53,24.5,192,4.3,4.3,11.74,31.5,33.6,29.8
22-07-2020,53,17.8,218,2.6,2.6,18.85,32.9,34.3,32.1
23-07-2020,61,13.2,224,12.6,12.6,12.91,32.7,34.5,31.6
24-07-2020,61,19.9,190,12.7,12.7,8.93,31.9,32.9,31.1
25-07-2020,55,23.2,187,7.4,7.4,16.69,31,32.3,30
26-07-2020,61,27.6,196,12.8,12.8,18.54,30.5,32.3,29.1
27-07-2020,63,24.9,235,17.1,17.1,17.41,31.1,32.3,29.6
28-07-2020,63,18.4,252,13.8,13.8,18.06,31.8,33,30.7
29-07-2020,63,19.3,250,27.7,27.7,14.31,31.7,32.5,30.2
30-07-2020,61,23.5,234,15.5,15.5,10.84,31.6,33.3,30.1
31-07-2020,61,22.9,205,6.9,6.9,18.25,31.8,33.1,30.6
01-08-2020,53,30.1,179,3,3,20.08,31.2,32.4,29.5
02-08-2020,63,42.4,190,10.6,10.6,20.56,30.6,32,27.4
03-08-2020,65,57.1,217,92.6,92.6,8.46,28.6,31.2,26.6
04-08-2020,65,58.9,241,125.4,125.4,2.35,28.2,30.3,26.1
05-08-2020,65,54,261,156,156,2.85,28.6,29.8,27.2
06-08-2020,61,51.3,239,17.7,17.7,8,28.3,30,27
07-08-2020,61,41,221,12,12,12.94,29.2,30.8,28.3
08-08-2020,61,38.5,234,7.8,7.8,18.57,29.6,30.6,28.8
09-08-2020,53,31.5,237,5.5,5.5,12.56,30,31.1,28.8
10-08-2020,61,28.3,230,20.9,20.9,10.17,29.6,30.4,28.9
11-08-2020,61,31,232,28.9,28.9,4.73,29.6,30.7,28.4
12-08-2020,61,36.1,242,23,23,6.28,28.9,29.4,28.3
13-08-2020,63,39.3,236,34.6,34.6,7.01,28.5,29.7,27.4
14-08-2020,63,40,228,42.4,42.4,4.1,27.9,28.5,27.4
15-08-2020,63,41.1,235,52.1,52.1,5.05,28.5,29.4,27.4
16-08-2020,63,34.3,240,36.4,36.4,4.95,28.8,29.6,27.8
17-08-2020,61,31.5,237,24.6,24.6,5.01,28.8,30.4,27.7
18-08-2020,55,30.3,230,15.5,15.5,11.22,28.7,29.6,28.1
19-08-2020,53,35.4,241,8.4,8.4,18.3,29.3,30.1,28.3
20-08-2020,63,30.4,238,44.7,44.7,10.01,29,29.8,28.3
21-08-2020,63,34.6,231,29.2,29.2,8.86,28.9,29.5,28.3
22-08-2020,55,34.3,231,9.3,9.3,12.36,29.1,29.8,27.6
23-08-2020,53,37.8,227,5,5,15.39,28.7,29.6,27.6
24-08-2020,53,34.4,229,5.2,5.2,18.97,29.4,30.2,28.5
25-08-2020,51,30.6,224,2.1,2.1,21.73,30.1,31.2,29.2
26-08-2020,53,25.9,218,3.4,3.4,21.36,30.3,31.6,29.3
27-08-2020,55,25.1,219,9.8,9.8,15.79,29.8,30.7,29.2
28-08-2020,63,27.8,220,38,38,9.43,29.2,29.8,28.3
29-08-2020,61,30.7,226,30.5,30.5,4.76,28.8,29.8,28.2
30-08-2020,61,35.9,215,19,19,9.48,28.5,30.3,27.1
31-08-2020,53,30.6,220,7.5,7.5,17.92,29.5,30.8,27.6
01-09-2020,53,15.5,245,3,3,19.55,31.5,32.6,29.7
02-09-2020,51,23.9,331,0.7,0.7,22.06,31.9,33,30.8
03-09-2020,51,20.4,354,0.8,0.8,20.49,32.3,33.2,31.4
04-09-2020,55,18.4,4,2.4,2.4,20.88,33,35.3,30
05-09-2020,3,15.9,306,0,0,20.96,34.5,36.2,31.3
06-09-2020,65,19.7,321,19,19,14.66,33.8,36.2,31
07-09-2020,63,25.6,179,12.6,12.6,11.32,32.1,34.4,29.1
08-09-2020,63,21.3,344,4,4,17.38,32.7,34.9,29.4
09-09-2020,61,17,304,4.2,4.2,19.71,33.7,35,32.8
10-09-2020,63,17.3,226,4.6,4.6,18.65,32.9,34.3,30.9
11-09-2020,63,19.8,322,18.2,18.2,12.47,32.2,34.9,30.5
12-09-2020,61,55.8,214,8.9,8.9,13.14,28.6,31.7,25.8
13-09-2020,51,27.3,231,3.7,3.7,15.07,30.5,32,28.9
14-09-2020,55,17.3,202,7.5,7.5,15.79,31.1,32.1,30.2
15-09-2020,55,17.6,208,6.4,6.4,13.9,31.4,32.4,30.3
16-09-2020,61,16.2,239,8.7,8.7,14.74,31.8,32.5,30.9
17-09-2020,63,21.3,276,19.5,19.5,14.76,31.6,33,30.1
18-09-2020,53,12.9,277,2.2,2.2,14.21,31.8,33.4,29.6
19-09-2020,61,17.6,309,5.4,5.4,16.78,32.8,33.6,31.8
20-09-2020,53,23.3,329,4,4,15.03,33,34,31
21-09-2020,61,21.9,285,14.7,14.7,16.26,32.8,34.7,31
22-09-2020,65,44.5,210,61.2,61.2,12.35,31.2,33.1,27.9
23-09-2020,65,45.1,248,112.2,112.2,2.53,30.1,31.6,27.6
24-09-2020,55,17.6,218,5.6,5.6,17.79,31.8,32.7,30.7
25-09-2020,63,23.9,262,8.4,8.4,11.71,31.3,32,30.5
26-09-2020,51,22.3,268,2.3,2.3,18.86,30.8,32.3,29.6
27-09-2020,51,14.5,246,2.4,2.4,16.93,31.4,32,30.7
28-09-2020,51,13.4,265,1.9,1.9,18.39,31.6,33,30.4
29-09-2020,51,18.4,327,1.1,1.1,20.39,31.6,32.7,30.8
30-09-2020,51,20.4,315,1.3,1.3,20.67,31.4,32.4,29.9
01-10-2020,51,21.2,326,0.3,0.3,20.55,31.9,33,30.3
02-10-2020,51,19.9,356,0.6,0.6,19.31,33,34.3,31.9
03-10-2020,53,18.7,300,3.2,3.2,16.52,32.8,33.8,31.8
04-10-2020,61,16.8,208,8.2,8.2,10.69,31.5,32.9,29.7
05-10-2020,53,16.6,340,2.1,2.1,17.11,32.1,32.7,31
06-10-2020,51,22.2,341,1.5,1.5,19.43,33,34.1,31.8
07-10-2020,51,21,334,0.8,0.8,19.01,33.7,35,32.5
08-10-2020,51,19,346,0.4,0.4,19.24,34.4,36.1,33.4
09-10-2020,3,18.5,4,0,0,20.29,35.2,36.3,34
10-10-2020,61,22.2,177,4,4,15.25,34.3,35.6,33.2
11-10-2020,63,14.3,147,5.6,5.6,9.14,33.3,35.6,32
12-10-2020,53,11.4,324,0.9,0.9,14.91,34.3,35.6,32.3
13-10-2020,51,15.5,178,1.4,1.4,15.05,34.4,35.7,33.2
14-10-2020,65,21,200,30.1,30.1,7.69,34.6,36.6,29.9
15-10-2020,65,28.9,352,19.9,19.9,9.55,32.3,33.7,30.7
16-10-2020,51,35.2,147,0.3,0.3,17.05,30.4,32.3,28.8
17-10-2020,51,33.1,168,0.2,0.2,17.63,30.6,31.8,29.1
18-10-2020,53,21.7,182,1.6,1.6,17.37,32.2,33.5,30.3
19-10-2020,61,19.1,295,3.5,3.5,17,32.6,33.8,31.2
20-10-2020,55,19,345,5.7,5.7,18.02,32.8,34.4,31.5
21-10-2020,61,18,19,6.4,6.4,17.27,31.9,33.9,28.5
22-10-2020,63,20.6,16,13.2,13.2,14.78,31.9,34.3,30.1
23-10-2020,61,15.8,296,2.4,2.4,19.02,33.3,35.9,31.7
24-10-2020,55,16.8,180,1.6,1.6,16.01,32.4,34.1,30.6
25-10-2020,63,18,203,5.3,5.3,15.24,32.2,33.8,30
26-10-2020,3,16.6,8,0,0,18.75,33.4,35.1,32
27-10-2020,2,19.3,7,0,0,19.79,32.4,34.8,30.5
28-10-2020,1,20.6,354,0,0,19.84,33,35.2,31.3
29-10-2020,0,21.1,355,0,0,19.99,32.5,33.9,31.4
30-10-2020,0,23.3,358,0,0,20.01,31.8,33.3,31.1
31-10-2020,2,24.5,357,0,0,20.19,30.8,32,29.8
01-11-2020,3,21,354,0,0,18.74,31.8,33.3,29.9
02-11-2020,3,20.1,17,0,0,18.27,32.4,34.9,30.4
03-11-2020,0,22.8,12,0,0,19.47,32,34.6,29.2
04-11-2020,1,20.6,20,0,0,18.57,31.4,35.2,28.6
05-11-2020,0,22.8,34,0,0,19.72,30.5,36,26.5
06-11-2020,0,28.1,36,0,0,19.84,29.5,35,25.9
07-11-2020,0,25.8,24,0,0,19.8,29.6,35,25.8
08-11-2020,0,22.1,38,0,0,19.1,31.1,36,27.1
09-11-2020,0,21.1,27,0,0,19.37,29,32.7,24.2
10-11-2020,0,23.7,45,0,0,19.75,28.1,33.2,24.1
11-11-2020,0,30.2,46,0,0,19.76,27.3,32.1,23.2
12-11-2020,0,25,23,0,0,19.63,27.4,31.7,23.9
13-11-2020,1,25.9,2,0,0,18.57,29.4,31.8,25.7
14-11-2020,1,20.3,353,0,0,17.32,31.5,35.3,28.7
15-11-2020,3,21,355,0,0,17.79,31.4,33.2,30
16-11-2020,3,26.4,359,0,0,18.44,30.9,33.5,29.5
17-11-2020,3,27.4,0,0,0,17.2,31.4,34.2,30.1
18-11-2020,3,18.2,352,0,0,16.99,31.7,33.1,30.6
19-11-2020,3,29.3,358,0,0,16.29,29.8,32.8,26.9
20-11-2020,3,23.8,353,0,0,14.65,29.1,30.9,27.3
21-11-2020,3,27.6,351,0,0,18.02,28.6,29.9,27.4
22-11-2020,0,24,351,0,0,17.74,29.5,31.1,28.5
23-11-2020,2,28,346,0,0,17.71,28.5,30.4,26.8
24-11-2020,3,23.2,342,0,0,16.16,29,30.9,27.1
25-11-2020,2,24.4,344,0,0,15.92,29.3,30,27.8
26-11-2020,1,33.7,360,0,0,17.7,27.5,29.2,25.2
27-11-2020,1,33.6,21,0,0,17.53,27.4,32.2,24.8
28-11-2020,3,26.8,59,0,0,14.5,28,31.4,24.3
29-11-2020,1,19.1,358,0,0,17.24,29.8,32.3,28.3
30-11-2020,0,21.4,353,0,0,16.69,30.2,32.2,28.4
01-12-2020,1,22.7,348,0,0,16.87,31.1,34.6,29.4
02-12-2020,3,29.3,7,0,0,17.04,29.7,34.1,27.9
03-12-2020,2,29,12,0,0,17.43,28.7,31.5,26.6
04-12-2020,3,19.2,14,0,0,17.2,28.2,31.2,25.5
05-12-2020,2,17.4,21,0,0,17.64,27.9,31.4,24.6
06-12-2020,3,24.6,31,0,0,17.79,27.3,32.9,23.5
07-12-2020,3,25.6,45,0,0,17.66,27.5,32.4,23.1
08-12-2020,3,24,13,0,0,17.31,28.2,32.3,25.2
09-12-2020,3,20.5,6,0,0,15.51,29.6,33.1,25.8
10-12-2020,3,24.3,345,0,0,15.94,29.9,31.9,26.7
11-12-2020,53,19.2,7,1.3,1.3,8.05,28.7,31.4,27.1
12-12-2020,51,26.6,10,0.9,0.9,11.8,28.3,29.7,27.6
13-12-2020,51,26.7,8,0.3,0.3,11.1,27.6,28.6,25.7
14-12-2020,63,19.6,15,23.4,23.4,9.36,27.3,29.5,25.8
15-12-2020,1,33.9,356,0,0,15.83,26.7,29.3,25.2
16-12-2020,3,30.4,358,0,0,16.49,27,28.8,25.7
17-12-2020,3,31.8,360,0,0,16.72,27.5,30,26
18-12-2020,3,25.7,3,0,0,16.86,27.7,30.1,25.8
19-12-2020,2,26.7,29,0,0,17.05,27.3,32.5,24.2
20-12-2020,3,30.1,34,0,0,17.32,26.3,32.2,22.1
21-12-2020,3,24.9,38,0,0,17.56,25.5,30.4,21.4
22-12-2020,3,22.3,24,0,0,17.32,25.2,28.4,21.2
23-12-2020,2,22.6,8,0,0,17.48,25.4,28,22.3
24-12-2020,0,25.5,360,0,0,17.25,25.7,27.3,22.6
25-12-2020,0,19.7,23,0,0,16.75,27.6,32.2,23.8
26-12-2020,3,19.8,4,0,0,16.75,27.8,30.1,25.1
27-12-2020,3,33.4,348,0,0,16.56,25.7,27.8,20.9
28-12-2020,1,33.8,353,0,0,17.56,21.9,23.5,20.3
29-12-2020,3,28,351,0,0,17.27,23.1,25.5,21.3
30-12-2020,0,31.8,353,0,0,17.07,24.2,25.5,21.9
31-12-2020,2,23.7,348,0,0,17.02,26.9,30.1,23.9
01-01-2021,3,22,350,0,0,16.08,28.6,31.8,27.1
02-01-2021,3,25.6,341,0,0,15.62,27.1,29,25.3
03-01-2021,3,28.8,347,0,0,16.92,25.4,27,23.9
04-01-2021,51,27.7,342,0.1,0.1,15.24,25.1,26.2,23.9
05-01-2021,2,31.7,350,0,0,15.95,24.2,25.7,23
06-01-2021,3,31.3,350,0,0,16.22,24.2,26.1,22
07-01-2021,51,21.4,346,0.5,0.5,12.51,27.3,28.5,26.2
08-01-2021,51,19.1,355,0.8,0.8,11.26,28.3,29.2,27.5
09-01-2021,51,22.2,359,0.1,0.1,15.92,28.8,31.3,27.3
10-01-2021,3,20.6,358,0,0,15.94,29.8,31.5,28.5
11-01-2021,3,19.4,350,0,0,17.06,29.5,31.7,28.2
12-01-2021,3,30.6,355,0,0,17.26,28.9,31.8,27.1
13-01-2021,1,27.5,355,0,0,17.32,27.5,30.4,25.9
14-01-2021,3,30.2,343,0,0,17.42,26.8,29.1,25.8
15-01-2021,3,26.2,345,0,0,17.7,26.2,27,24.9
16-01-2021,2,25.5,343,0,0,18.13,25.9,27.4,23.9
17-01-2021,3,20,334,0,0,17.75,27.3,28.2,26.3
18-01-2021,1,26.9,340,0,0,17.54,26.4,27.2,25.5
19-01-2021,0,28.7,345,0,0,17.99,26.3,27.2,25.1
20-01-2021,0,27.6,344,0,0,18.45,25.4,26.9,23.8
21-01-2021,1,24.4,344,0,0,19.1,24.8,26.1,23.2
22-01-2021,0,27.1,343,0,0,18.65,26.1,27.3,24.2
23-01-2021,0,31.4,342,0,0,18.86,25.7,27.8,24.6
24-01-2021,3,29,346,0,0,18.96,24.8,26.3,23.6
25-01-2021,3,28.8,347,0,0,19.22,23.7,25,22.8
26-01-2021,3,29.1,346,0,0,19.35,23.2,25.2,22.1
27-01-2021,3,28.4,346,0,0,19.71,23.5,24.1,22.7
28-01-2021,3,29.7,348,0,0,19.68,22.8,24,21.2
29-01-2021,3,28.3,349,0,0,19.51,23.7,24.6,21.9
30-01-2021,0,29,346,0,0,19.65,24.8,26.4,23.3
31-01-2021,0,28.2,355,0,0,19.63,25.2,26.8,23.1
01-02-2021,1,27.3,354,0,0,18.75,26.7,30.1,24.3
02-02-2021,1,25.1,349,0,0,18.34,26.8,29,25.1
03-02-2021,0,23.7,344,0,0,20.02,26.6,28,24.7
04-02-2021,0,28.6,345,0,0,20.09,25.5,26.7,24.3
05-02-2021,3,31.1,350,0,0,20.29,23.6,26.3,21.4
06-02-2021,3,31.5,9,0,0,20.53,23.9,27.4,21.2
07-02-2021,0,28.3,18,0,0,20.78,24.9,30.2,21.7
08-02-2021,0,32,12,0,0,21.13,25.2,30.8,22.3
09-02-2021,2,23,356,0,0,21.47,25.5,29.5,21.9
10-02-2021,3,24.2,345,0,0,21.32,25.8,26.6,23.7
11-02-2021,3,26.4,345,0,0,21.19,26.6,28,24.2
12-02-2021,3,27,328,0,0,21.07,26.9,28.3,25.9
13-02-2021,0,28.4,336,0,0,21.12,26.4,27.9,24.9
14-02-2021,0,30.1,336,0,0,21.07,26.4,27.8,25.2
15-02-2021,1,31.1,335,0,0,21.07,25.9,26.9,24.3
16-02-2021,1,33.3,338,0,0,20.94,25.4,26.5,23.5
17-02-2021,1,32.1,338,0,0,21.2,26,27.4,24.5
18-02-2021,51,19.8,26,0.2,0.2,20.72,27.7,30.9,25.4
19-02-2021,2,23.2,39,0,0,19.08,26.7,30.9,23.5
20-02-2021,2,37.8,18,0,0,20.71,25.7,29.3,23
21-02-2021,2,28.2,33,0,0,20.48,27.8,32.9,23.7
22-02-2021,1,21,326,0,0,20.69,29.2,31.5,27.2
23-02-2021,0,23.1,322,0,0,21.13,29.6,31.5,28.2
24-02-2021,0,22.5,332,0,0,21.4,29.6,30.6,28.3
25-02-2021,0,29.5,337,0,0,21.82,28.1,29.9,26.9
26-02-2021,2,27.3,328,0,0,22.21,28.1,29.8,26.8
27-02-2021,0,30,337,0,0,22.17,28.1,29.4,27.1
28-02-2021,0,32,346,0,0,22.37,28.6,30.7,27
01-03-2021,2,32.3,342,0,0,20.26,28.7,31.6,27.6
02-03-2021,0,34,341,0,0,22.78,28,30.2,25.6
03-03-2021,0,31.6,335,0,0,22.99,28.4,31.4,25.1
04-03-2021,0,28.5,355,0,0,22.94,28.8,31.6,27
05-03-2021,0,26.8,283,0,0,23.39,30.1,31.9,27.3
06-03-2021,0,23.4,271,0,0,23.12,30.6,31.7,29.2
07-03-2021,0,26.9,343,0,0,23.47,28.9,30.6,27.2
08-03-2021,0,29.3,335,0,0,23.55,28.7,30,27.4
09-03-2021,1,33.4,339,0,0,23.07,29.2,30.7,27.4
10-03-2021,2,29.9,329,0,0,22.77,29.6,31.1,28.1
11-03-2021,1,32.6,332,0,0,23.1,29.2,30.5,27.1
12-03-2021,1,32.7,339,0,0,23.45,28.8,30.7,27.3
13-03-2021,1,31.7,342,0,0,23.54,29.1,31,27.4
14-03-2021,0,25,335,0,0,23.54,29.8,31.3,27.6
15-03-2021,0,30.5,341,0,0,23.79,29.4,31.3,28
16-03-2021,0,32.2,340,0,0,23.64,29.4,31,27.6
17-03-2021,3,30.7,332,0,0,22.8,30.1,32.8,28.6
18-03-2021,2,28.5,327,0,0,22.41,30.2,31.8,28.2
19-03-2021,1,29.8,328,0,0,23.72,29.1,31,27.7
20-03-2021,2,24.7,322,0,0,23.31,29.5,30.5,27.8
21-03-2021,0,20.1,310,0,0,24.26,30.8,32.4,29.6
22-03-2021,2,22.4,339,0,0,24.2,30.4,32.1,28.7
23-03-2021,1,30.1,342,0,0,24.24,30.2,32.1,28.8
24-03-2021,1,26.6,350,0,0,24.07,30.9,33,28.9
25-03-2021,0,33.7,348,0,0,24.9,29.9,34,28.1
26-03-2021,0,32.4,345,0,0,24.95,29.8,31.4,28.1
27-03-2021,0,30,337,0,0,25.05,30.9,32.8,28.5
28-03-2021,3,25.1,253,0,0,24.93,32.1,33.7,30.4
29-03-2021,3,30.6,284,0,0,24.8,32.1,33.5,29.6
30-03-2021,1,15.6,261,0,0,25.06,31.2,32.7,30
31-03-2021,1,21.7,302,0,0,24.98,31.2,32.2,29.8
01-04-2021,1,21.6,252,0,0,24.88,31.6,32.7,30.2
02-04-2021,3,18.8,237,0,0,24.7,30.8,31.9,30.2
03-04-2021,2,22,224,0,0,23.53,30.4,31,29.4
04-04-2021,2,26.3,293,0,0,24.75,30.9,31.7,29.1
05-04-2021,1,31.2,331,0,0,23.77,31.1,32.4,29.5
06-04-2021,0,34.2,333,0,0,25.44,30.9,32.5,29.5
07-04-2021,1,31.5,322,0,0,25.06,32,33.1,29.8
08-04-2021,3,22,279,0,0,22.41,32.7,33.8,31.4
09-04-2021,1,29.9,311,0,0,24.97,32.2,33.4,29.9
10-04-2021,2,25.7,297,0,0,24.8,32.9,33.9,31
11-04-2021,1,24.8,294,0,0,25.08,33.4,34.4,31.7
12-04-2021,1,24,297,0,0,24.78,33.8,35.1,32.2
13-04-2021,2,24.5,312,0,0,24.45,33.7,34.3,32.6
14-04-2021,0,22.4,280,0,0,24.1,34,35.9,32
15-04-2021,0,27.5,294,0,0,24.95,33.3,35.5,31.3
16-04-2021,2,33.8,316,0,0,25.82,32,33.8,29.4
17-04-2021,0,35.4,326,0,0,25.45,32.8,34.1,30.8
18-04-2021,0,28.3,320,0,0,25.56,33.9,35.8,32.4
19-04-2021,1,23,253,0,0,25.63,33.4,34.8,32.2
20-04-2021,3,20.5,276,0,0,25.01,33.1,34.5,31.7
21-04-2021,3,24.6,314,0,0,24.3,32.3,33.4,30.9
22-04-2021,51,34,331,0.1,0.1,22.75,32.2,33.5,30.5
23-04-2021,3,28.1,315,0,0,25.02,31.9,33.3,30.4
24-04-2021,3,30.3,324,0,0,26.16,32.2,33.4,30.7
25-04-2021,2,28.2,309,0,0,25.4,34,36.5,32.2
26-04-2021,3,22.3,257,0,0,24.6,35.1,36.2,33.2
27-04-2021,1,23,262,0,0,25.26,34.4,35.4,32.7
28-04-2021,2,33.1,302,0,0,25.39,34.2,35.5,31.8
29-04-2021,3,29.5,310,0,0,25.43,34.1,35.1,32.1
30-04-2021,3,21.6,304,0,0,25.34,34.2,35.4,33
01-05-2021,3,25.8,324,0,0,19.11,34.3,36.5,32.3
02-05-2021,3,22.3,292,0,0,23.11,35.1,36.7,33.4
03-05-2021,0,26.4,311,0,0,25.31,34.7,35.7,34
04-05-2021,1,27.3,307,0,0,25.84,34.7,35.9,33
05-05-2021,1,28.8,309,0,0,25.74,34.3,36.1,32.8
06-05-2021,1,23.3,288,0,0,25.66,34.9,36.1,33.5
07-05-2021,1,24.5,301,0,0,25.68,34.8,35.5,33.3
08-05-2021,2,26.9,291,0,0,25.8,35.1,36.1,33.4
09-05-2021,3,23.9,276,0,0,25.15,34.7,36,32.8
10-05-2021,1,25.5,291,0,0,25.62,33.8,35.6,32.1
11-05-2021,3,25.4,298,0,0,24.71,33.1,34.9,31.8
12-05-2021,51,22.4,286,0.2,0.2,23.99,32.9,33.7,32
13-05-2021,3,22.5,296,0,0,25.32,32.7,33.8,31.1
14-05-2021,3,33.3,332,0,0,25.52,33.2,35,31.2
15-05-2021,3,43.5,355,0,0,15.03,34,36.8,31.7
16-05-2021,61,45.2,69,18.8,18.8,9.1,32.1,36.1,27.8
17-05-2021,65,94.5,174,194.8,194.8,1.88,25.4,27.6,21.5
18-05-2021,61,55.3,194,19.7,19.7,11.17,29.1,31.1,27.1
19-05-2021,63,45.3,209,11.1,11.1,12.07,31.7,33.5,28.2
20-05-2021,51,16.2,235,0.6,0.6,24.6,34.2,36.2,32.6
21-05-2021,51,18.5,263,0.5,0.5,23.99,34.3,36.2,32.8
22-05-2021,51,19.2,250,0.4,0.4,17.85,33.8,35,33.3
23-05-2021,51,21.7,291,0.9,0.9,21.63,34,35.9,33
24-05-2021,51,26,312,1.1,1.1,22.71,33.3,34.5,32.1
25-05-2021,51,28.3,300,0.3,0.3,22.92,32.9,34.4,31.9
26-05-2021,3,27.2,270,0,0,23.43,32.3,33.8,31.2
27-05-2021,51,29,257,0.9,0.9,22.64,33.1,34.7,31.5
28-05-2021,53,19.9,244,1.6,1.6,21.19,33.9,35.3,33.1
29-05-2021,51,20.4,231,0.7,0.7,20.66,34.1,35.3,33
30-05-2021,51,22.5,200,1.4,1.4,20.44,33.6,34.2,32.5
31-05-2021,55,20.8,201,3.5,3.5,17.33,33.1,34,32.3
01-06-2021,61,26.1,193,8.2,8.2,17.12,33,33.8,32.2
02-06-2021,51,16.9,196,1.6,1.6,15.45,33.7,35.2,32.2
03-06-2021,53,16.2,199,1.5,1.5,18.53,34.3,35.6,33.3
04-06-2021,53,17.7,196,2.6,2.6,21.95,33.8,35.8,32.6
05-06-2021,61,19,203,8.4,8.4,9.99,32.3,33.2,30.7
06-06-2021,61,21.3,214,8,8,14.89,32.2,33.5,31
07-06-2021,63,20.6,213,18.8,18.8,19.21,31.9,32.7,31.1
08-06-2021,63,22.2,234,41.6,41.6,17.51,31.7,32.8,30.6
09-06-2021,63,25.3,251,32.8,32.8,11.47,31.4,33,30.3
10-06-2021,63,31.6,232,20.9,20.9,12.53,31,33,29.3
11-06-2021,63,29.4,227,30.3,30.3,14.03,30.6,31.7,29.9
12-06-2021,61,27.2,241,20.1,20.1,12.33,31.3,32.6,30.3
13-06-2021,61,24.7,230,10.3,10.3,18.57,31.5,32.6,30.5
14-06-2021,53,27.9,223,8.7,8.7,18.6,31.5,33.3,29.5
15-06-2021,55,33.4,214,10.6,10.6,14.16,30.2,31.6,28.4
16-06-2021,61,34.5,222,19.1,19.1,5.31,30.1,31.5,28.9
17-06-2021,61,34.2,216,16.7,16.7,7.61,28.9,30.1,28
18-06-2021,63,42.7,225,19.3,19.3,14.79,28.4,29.7,27.6
19-06-2021,61,32.4,223,16,16,14.43,28.4,29.8,27.2
20-06-2021,55,29.5,232,10.8,10.8,14.79,30.2,31.6,28.8
21-06-2021,53,24,248,4,4,18.18,31.6,32.8,30.4
22-06-2021,51,21.3,258,2.9,2.9,13.86,32.1,33,31
23-06-2021,53,20,232,5.6,5.6,16.1,31.7,32.5,30.3
24-06-2021,61,26,232,16.3,16.3,6.5,30.3,32,28.8
25-06-2021,63,23,256,24.6,24.6,8.24,30.9,32.4,29.8
26-06-2021,51,23.4,275,1.4,1.4,19.36,31.7,33,30.8
27-06-2021,63,20.7,303,16,16,14.27,32.1,33.3,30.7
28-06-2021,63,13.7,278,10.3,10.3,11.97,31.7,32.6,30.9
29-06-2021,51,19.8,223,2,2,21.47,32.4,33.7,31.2
30-06-2021,51,21.7,244,3,3,17.99,32.2,33.2,31.5
01-07-2021,51,30.8,243,1.6,1.6,21.69,31.5,32.6,30.3
02-07-2021,51,28.3,226,1.9,1.9,20.89,31.3,32.4,30.1
03-07-2021,51,24.5,232,1.5,1.5,20.83,32.2,33.8,31.3
04-07-2021,51,15.6,251,2,2,18.97,32.9,33.5,32
05-07-2021,51,16,263,1.2,1.2,19.88,33.1,33.6,32.4
06-07-2021,51,17.7,276,0.6,0.6,19.39,33.3,34,32.6
07-07-2021,51,18.8,288,2,2,20.33,33.2,34.2,32.7
08-07-2021,61,19.4,258,14.9,14.9,18.25,32.2,33.2,31.4
09-07-2021,53,19.1,261,6.8,6.8,11.23,32.1,33.3,30.8
10-07-2021,63,23.1,269,39.1,39.1,6.32,31.4,32.6,30
11-07-2021,63,22.9,244,25.7,25.7,16.82,31.8,33,30.4
12-07-2021,65,47.2,240,83.7,83.7,12.9,29.4,31.1,27.6
13-07-2021,63,34.7,237,38.6,38.6,8.61,29.9,31.2,29
14-07-2021,63,35.8,247,48.1,48.1,6.54,29.7,30.6,28.3
15-07-2021,63,33.6,243,33.4,33.4,12.46,30.4,31.6,28.8
16-07-2021,63,40.1,229,38,38,11.4,29.7,30.5,28.1
17-07-2021,65,39.3,269,50.1,50.1,6.81,30.5,32.5,28.3
18-07-2021,63,32.4,285,40.1,40.1,14.51,30,30.5,29.5
19-07-2021,63,31,262,53.7,53.7,7.59,29.4,30.3,28.7
20-07-2021,63,35.7,245,40.6,40.6,5.98,29.1,30.1,27.9
21-07-2021,63,49.4,258,34.5,34.5,5.73,28.2,29.2,27.3
22-07-2021,61,43.1,263,23.9,23.9,5.74,28.4,29.8,27.4
23-07-2021,61,37.4,259,25.9,25.9,5.08,28.4,29.4,27.4
24-07-2021,55,31.6,255,11.4,11.4,13.36,29.7,31.2,28.5
25-07-2021,55,36.6,247,15.6,15.6,12.73,29,30.2,27.9
26-07-2021,61,36.1,245,9.5,9.5,17.06,28.7,29.4,27.7
27-07-2021,53,41.2,234,5.6,5.6,16.79,28.7,29.9,27.9
28-07-2021,55,41.3,234,7.7,7.7,13.35,28.6,29.4,27.3
29-07-2021,61,40.1,244,12.3,12.3,12.39,28.7,29.2,27.9
30-07-2021,61,40.8,250,7.2,7.2,6.49,28.8,29.5,28.2
31-07-2021,51,40.4,256,3.2,3.2,18.95,28.3,29.2,27.1
01-08-2021,51,39.8,253,2.3,2.3,16.26,28,28.9,27.3
02-08-2021,53,34.1,248,5.7,5.7,17.48,28.3,29.4,27.4
03-08-2021,55,35.9,243,10.9,10.9,14.3,28.6,29.6,27.3
04-08-2021,53,37.2,246,4.9,4.9,11.66,28.6,29.8,27.1
05-08-2021,53,35.9,256,3.8,3.8,18.6,29.5,30.3,28.2
06-08-2021,51,28.8,254,3.5,3.5,18.66,29.8,30.3,29.1
07-08-2021,53,21.4,240,3.8,3.8,16.55,30.3,31.4,29.3
08-08-2021,53,17.2,221,2.8,2.8,17.55,30.7,31.8,29.7
09-08-2021,51,24,230,2.9,2.9,20.81,30.8,31.7,30
10-08-2021,53,23.7,236,4.5,4.5,15.89,30.1,30.8,29.2
11-08-2021,51,23.4,251,3.1,3.1,16.43,30.3,30.9,29.7
12-08-2021,53,23.3,264,3.5,3.5,17.15,30.3,31.5,29.3
13-08-2021,51,25.1,256,2.7,2.7,17.36,29.8,30.7,28.6
14-08-2021,53,25.3,243,10.5,10.5,16.21,29.1,29.8,28
15-08-2021,55,18.8,242,7.6,7.6,14.89,29.9,31.4,28.6
16-08-2021,53,16.6,241,3.5,3.5,16.04,30.8,31.5,29.7
17-08-2021,61,13.8,249,13.3,13.3,7.69,30.7,31.4,30
18-08-2021,61,18.6,268,19.2,19.2,6.04,30.2,31.4,29.4
19-08-2021,63,23.6,264,29.1,29.1,3.92,29.6,30.6,28.5
20-08-2021,63,22,273,21.9,21.9,11.05,29.8,30.7,28.7
21-08-2021,63,28.1,235,39.4,39.4,5.32,29.3,30.5,27.7
22-08-2021,51,17.7,220,3.1,3.1,15.93,30.6,31.4,29.2
23-08-2021,51,18.2,208,0.8,0.8,22.28,31.2,32.3,29.5
24-08-2021,51,17.2,236,0.7,0.7,20.8,31.6,32.2,30.5
25-08-2021,51,21.6,241,1.5,1.5,18.64,31,31.8,30.2
26-08-2021,53,21.2,232,3.2,3.2,16.77,30.5,31.6,29.6
27-08-2021,51,14.8,225,2.2,2.2,18.08,31,32.4,30.1
28-08-2021,51,19,229,0.9,0.9,19.15,31.1,31.8,30
29-08-2021,51,15.7,276,0.7,0.7,18.71,31.6,32.5,30.8
30-08-2021,63,23.8,302,18.4,18.4,10.63,30.6,31.9,29
31-08-2021,63,23.2,277,30.9,30.9,5.04,30.2,31,29.3
01-09-2021,63,29.1,233,16.9,16.9,13.27,29.5,30.6,28.5
02-09-2021,53,30.8,219,6.5,6.5,16.66,29.4,30.3,28.4
03-09-2021,61,25.3,215,15.3,15.3,17.74,29.6,30.4,28.8
04-09-2021,61,20.2,249,20.1,20.1,17.69,30.5,31.3,29.6
05-09-2021,53,20.3,255,9.7,9.7,11.72,30.4,31.1,29.8
06-09-2021,63,24.5,305,19.9,19.9,15.17,30.2,31.2,29.3
07-09-2021,63,31.6,299,49.9,49.9,4.97,30.9,32.6,28.6
08-09-2021,65,47.7,235,25.3,25.3,8.19,28,29,26.5
09-09-2021,53,38.7,233,7.3,7.3,18.67,28.8,29.8,27.8
10-09-2021,53,34.5,226,8,8,14.99,28.9,29.5,28
11-09-2021,63,33.6,225,51.7,51.7,14.85,28.7,29.5,28
12-09-2021,63,30,248,30.8,30.8,14.62,29.7,30.8,28.9
13-09-2021,61,37.8,258,16.9,16.9,10.24,29,30.1,28.2
14-09-2021,53,34.9,241,3.3,3.3,16.78,29.3,30.1,28.2
15-09-2021,53,35.6,210,4.2,4.2,11.68,28.8,29.8,27.9
16-09-2021,51,31.3,213,2.2,2.2,20.35,29.5,30.4,28.2
17-09-2021,51,27.2,218,2.2,2.2,18.74,29.9,30.8,28.7
18-09-2021,53,23.4,212,4.6,4.6,16.46,29.8,30.6,28.9
19-09-2021,61,23.1,217,12.2,12.2,15.98,30.2,31.6,29.2
20-09-2021,61,18.6,254,10.5,10.5,16.29,30.9,32.4,30.1
21-09-2021,61,22,273,21.3,21.3,10.54,30,30.7,29
22-09-2021,63,21.9,282,16.5,16.5,8.04,30.4,31.9,28.8
23-09-2021,53,18.9,234,6.3,6.3,14.66,31,31.9,29.6
24-09-2021,51,18.5,232,0.9,0.9,20.26,31.4,32.3,30.5
25-09-2021,51,17.1,244,1.7,1.7,18.57,31.2,31.8,30.2
26-09-2021,51,17,288,1.3,1.3,19.27,31.4,32.3,30.7
27-09-2021,53,14.1,286,4.5,4.5,7.2,31,31.7,30.4
28-09-2021,63,33.4,229,24.7,24.7,5.7,29.8,31.6,27.9
29-09-2021,61,35.1,201,14.8,14.8,13.42,28.8,30.2,28
30-09-2021,51,31.6,181,3,3,17.24,29.8,31.3,28
01-10-2021,51,17.4,208,0.1,0.1,20.48,32.9,34.3,30.7
02-10-2021,51,27.7,352,1.3,1.3,12.08,32.2,32.9,31.3
03-10-2021,3,25.4,342,0,0,20.32,33.2,34,32
04-10-2021,51,23.4,341,0.3,0.3,20.53,33.3,34.7,32.4
05-10-2021,3,27.3,347,0,0,17.32,33.2,34.6,31.8
06-10-2021,53,17.9,34,0.5,0.5,17.46,34.2,35.6,33
07-10-2021,53,22.9,154,3.3,3.3,20.01,33.3,36.8,29.4
08-10-2021,61,21.9,172,6,6,17.1,32,34,30.9
09-10-2021,55,19.3,188,5.7,5.7,14.71,32.4,34.1,30.6
10-10-2021,55,12.5,177,2,2,16.91,32.5,33.9,31.3
11-10-2021,61,19.4,348,8.9,8.9,16.68,32.3,33.5,31.2
12-10-2021,3,19.4,6,0,0,19.9,33.8,35,32.1
13-10-2021,3,21.9,346,0,0,20.13,34.4,35.6,33.1
14-10-2021,3,26.8,3,0,0,20.39,33.5,35.3,31.5
15-10-2021,3,26.1,359,0,0,20.81,32.6,35.5,30.1
16-10-2021,3,30.3,351,0,0,21.16,31.6,33.8,30.2
17-10-2021,3,23.4,316,0,0,20.73,32,33.8,30.1
18-10-2021,51,26.1,294,0.1,0.1,19.29,32,33.3,31.4
19-10-2021,51,17.9,309,0.1,0.1,19.56,31.7,32.6,31
20-10-2021,2,29.6,352,0,0,20.35,30.8,32,29.6
21-10-2021,3,29.2,351,0,0,20.48,31,32.7,29.6
22-10-2021,3,26.6,353,0,0,20.81,30.8,32.8,28.9
23-10-2021,1,28.8,350,0,0,20.46,30,32.4,28.5
24-10-2021,51,24.5,352,0.2,0.2,19.63,29.9,31.9,28.3
25-10-2021,0,29.7,354,0,0,20.02,29.3,31.1,28.1
26-10-2021,0,28.8,353,0,0,19.75,30.6,32.1,28.7
27-10-2021,0,33.2,360,0,0,19.92,29.8,33.3,27.1
28-10-2021,3,33.7,16,0,0,18.84,29.7,34.1,26.3
29-10-2021,3,37.6,16,0,0,20.4,27.9,32.2,25.2
30-10-2021,3,29.6,8,0,0,19.36,28.4,31.6,24.8
31-10-2021,2,25.3,359,0,0,19.41,30,32.2,27.4
01-11-2021,3,19.3,4,0,0,19.23,30.9,32.6,28.9
02-11-2021,3,20.4,356,0,0,18.62,31.2,34.4,29.1
03-11-2021,3,28.7,359,0,0,19.03,30.4,32.9,28.9
04-11-2021,3,19.8,6,0,0,18.42,31.4,33,29.6
05-11-2021,63,27.3,220,9.6,9.6,17.28,31,34.2,26.8
06-11-2021,3,22.7,26,0,0,16.22,30.1,32.3,29.1
07-11-2021,3,19.7,356,0,0,5.85,31.1,32.9,29.8
08-11-2021,3,24.3,3,0,0,18.69,29.4,32,27.6
09-11-2021,3,25.2,17,0,0,19.16,28.2,32,25.4
10-11-2021,3,27.7,13,0,0,18.96,27.6,31.9,24.4
11-11-2021,3,28.6,15,0,0,18.99,27.4,31.1,24.1
12-11-2021,3,28.9,2,0,0,18.09,27.5,29.6,24.3
13-11-2021,3,27.2,349,0,0,18.05,29.3,31.1,26.8
14-11-2021,3,23.8,349,0,0,17.42,30.8,32.3,28.3
15-11-2021,3,27.4,346,0,0,17.16,30.6,32.4,28.3
16-11-2021,3,23.4,12,0,0,15.67,31.9,35.2,30.4
17-11-2021,63,26.6,35,10.7,10.7,10.07,30.9,34.2,27.7
18-11-2021,51,15.3,8,0.3,0.3,15.81,31.2,32.9,30.3
19-11-2021,51,17.1,15,0.1,0.1,16.07,31.8,34.3,29.7
20-11-2021,51,22.5,41,0.5,0.5,15.77,32.1,34,29.3
21-11-2021,53,26.4,120,2.9,2.9,14.73,31.8,37.3,29.8
22-11-2021,3,14.8,331,0,0,12.81,31.9,32.7,31.1
23-11-2021,3,24.6,341,0,0,16.66,32.1,32.9,31.4
24-11-2021,3,25.8,356,0,0,16.66,32.5,34.4,31.4
25-11-2021,3,26.1,8,0,0,17.31,31.8,35,30
26-11-2021,3,25.6,4,0,0,17.61,31.3,34.1,29.6
27-11-2021,3,24.4,6,0,0,17.61,30.8,34.2,28.5
28-11-2021,3,29.1,39,0,0,17.18,28.7,32.7,26.3
29-11-2021,3,26.1,41,0,0,16.16,29.4,33.6,24.6
30-11-2021,51,25.8,3,0.1,0.1,12.18,29.6,32.3,27.6
01-12-2021,63,38.5,43,65.7,65.7,2.75,24.2,28.9,20.5
02-12-2021,65,32.2,138,41.3,41.3,6.21,26.4,28.1,20.9
03-12-2021,51,13.3,90,1,1,12.3,29,31.1,27.6
04-12-2021,51,15.5,123,0.3,0.3,15.85,29.6,31,26.9
05-12-2021,3,14.6,23,0,0,14.42,28.8,30.3,27.3
06-12-2021,1,26.2,10,0,0,16.2,28.2,30.4,26.5
07-12-2021,3,24.5,22,0,0,15.9,28.5,30.6,26
08-12-2021,3,25.3,28,0,0,16.79,28.8,33.2,26.2
09-12-2021,3,23.4,13,0,0,15.98,28.5,30.8,25.6
10-12-2021,2,25.1,20,0,0,15.96,29.1,32.8,26.3
11-12-2021,3,22.3,22,0,0,16.37,28.9,32.1,26.6
12-12-2021,3,25.9,28,0,0,16.79,28.9,33.9,25.8
13-12-2021,2,27.2,8,0,0,16.5,27.5,29.5,25.8
14-12-2021,3,30,358,0,0,16.59,26.2,28.2,25.2
15-12-2021,3,25.1,352,0,0,15.93,26.6,27.8,25.5
16-12-2021,3,28.6,354,0,0,15.63,26.4,28.2,24.5
17-12-2021,3,27.6,356,0,0,16.1,26.2,27.4,24.3
18-12-2021,3,27.6,12,0,0,16.65,26.3,28.5,24
19-12-2021,0,26.9,25,0,0,16.83,26.2,30.5,23
20-12-2021,3,26.5,10,0,0,16.84,26,29.2,22.9
21-12-2021,3,19.1,0,0,0,16.77,26.3,27.8,23.9
22-12-2021,1,21.9,346,0,0,16.74,26,27.6,24.2
23-12-2021,0,19.1,351,0,0,16.82,25.5,26.7,23.4
24-12-2021,0,18.6,350,0,0,16.83,25.6,26.5,24.1
25-12-2021,3,22.7,359,0,0,16.48,24.6,26.1,21.7
26-12-2021,3,27.6,357,0,0,16.64,25.3,26.5,23.2
27-12-2021,3,21.6,355,0,0,16.5,26.4,28.4,23.5
28-12-2021,3,30.2,356,0,0,16.48,24.9,26.2,23
29-12-2021,3,32.8,359,0,0,16.67,23.1,25.3,21.5
30-12-2021,0,28.3,17,0,0,16.68,25.5,31,21.9
31-12-2021,3,24.5,27,0,0,16.38,26.8,32,24.4
01-01-2022,3,22.5,19,0,0,16.3,27.1,31.9,24.1
02-01-2022,1,19.9,9,0,0,16.13,27.5,30.4,24.7
03-01-2022,3,16.4,6,0,0,16.37,27.9,30.1,26
04-01-2022,2,19.8,354,0,0,16.62,28.3,31.4,25.7
05-01-2022,2,22.7,344,0,0,16.58,27.7,28.5,26.6
06-01-2022,2,27.6,360,0,0,16.41,26.1,27.9,25
07-01-2022,55,19.1,293,1.4,1.4,15.81,26.9,27.8,24.9
08-01-2022,61,22.8,6,7.4,7.4,9.36,24.5,25.8,20.9
09-01-2022,1,34,354,0,0,17.29,19.8,21.7,17.6
10-01-2022,0,31.3,354,0,0,17.95,19.4,20.9,16.9
11-01-2022,0,26.3,355,0,0,17.76,21.3,22.7,18.6
12-01-2022,0,29.9,353,0,0,17.62,21.2,22.8,18.6
13-01-2022,2,20,351,0,0,17.34,23,24.2,20.3
14-01-2022,2,23.8,357,0,0,17.08,23.7,24.9,21.6
15-01-2022,3,27.1,9,0,0,17.37,24.1,27.5,21.6
16-01-2022,3,26,27,0,0,17.78,25.8,31.3,22.2
17-01-2022,3,23.5,4,0,0,16.49,26.8,30.2,24.4
18-01-2022,1,27.6,357,0,0,17.73,25.5,27.6,24.1
19-01-2022,0,23,350,0,0,18.06,25.4,27,23.4
20-01-2022,3,23.7,338,0,0,18.24,25.2,26.9,23.8
21-01-2022,3,19,339,0,0,17.83,26.5,28.1,23.8
22-01-2022,53,31.8,283,2.4,2.4,15.79,25,27.8,21
23-01-2022,53,32.4,330,0.5,0.5,16.21,19.2,21.1,16.8
24-01-2022,0,31.7,3,0,0,19.25,17.7,20.2,15.8
25-01-2022,2,32,359,0,0,19.21,19.2,21.8,15.9
26-01-2022,2,31.8,1,0,0,19.14,20.6,22.6,17.3
27-01-2022,0,28.5,14,0,0,18.96,22.5,26.1,19.4
28-01-2022,0,25.8,20,0,0,19.23,23.2,28.4,20
29-01-2022,0,27.1,9,0,0,19.74,23.7,28.9,19.9
30-01-2022,0,21.9,350,0,0,19.64,23.9,25.8,20.6
31-01-2022,0,23.9,350,0,0,20.07,23.4,25.2,21.2
01-02-2022,0,26.5,344,0,0,20,23.7,25.6,20.8
02-02-2022,1,24.2,334,0,0,19.95,25,26.9,23
03-02-2022,3,18,266,0,0,19.24,25.4,27.5,23
04-02-2022,2,16.2,328,0,0,20.06,23.9,25.8,21.8
05-02-2022,2,26.6,345,0,0,20.22,22.7,23.8,21.5
06-02-2022,1,28.1,336,0,0,20.26,23.5,25,20.6
07-02-2022,3,28,337,0,0,19.79,23.6,24.5,22.3
08-02-2022,2,21.7,332,0,0,19.93,23.7,24.7,22.6
09-02-2022,2,27.5,350,0,0,19.73,23.4,25.1,21.6
10-02-2022,3,31.9,351,0,0,20.67,23.7,25.8,21.2
11-02-2022,0,34.9,2,0,0,20.8,24.7,29.6,22.7
12-02-2022,3,26.2,347,0,0,20.79,25,26.4,22.9
13-02-2022,0,26.3,342,0,0,20.94,25,26.7,23.4
14-02-2022,3,26.5,349,0,0,21.23,24.1,26,23
15-02-2022,0,25.1,341,0,0,21.01,24.4,26,22.3
16-02-2022,0,21.6,337,0,0,21.07,24.6,25.6,23.6
17-02-2022,3,18.6,323,0,0,20.96,25.4,26.4,23.8
18-02-2022,1,19.2,295,0,0,21.36,26.3,28,25
19-02-2022,2,23.9,338,0,0,21.32,26.5,28.3,24.9
20-02-2022,3,24.4,340,0,0,22.02,25.8,27.3,24.1
21-02-2022,0,28.6,339,0,0,22.28,25.2,26.9,23.6
22-02-2022,0,30.8,340,0,0,22.14,25.7,27.5,24.4
23-02-2022,2,25.7,335,0,0,21.98,27,29.5,24.6
24-02-2022,3,23.7,332,0,0,22.07,27.3,28.5,25.9
25-02-2022,2,30.2,332,0,0,22.15,26.6,29.1,25.2
26-02-2022,3,28.8,340,0,0,22.17,26.3,27.9,24.8
27-02-2022,2,29.5,338,0,0,22.38,26.3,27.8,24.6
28-02-2022,0,29.1,340,0,0,22.59,26.6,28.4,24.4
01-03-2022,0,25.3,340,0,0,22.54,27.1,28.6,24.8
02-03-2022,0,25.1,337,0,0,22.32,27.9,29.4,25.3
03-03-2022,1,34.5,343,0,0,22.75,27,29.9,25.3
04-03-2022,0,32.4,344,0,0,22.71,26.5,29.1,24.5
05-03-2022,2,25.5,332,0,0,22.55,27.9,29.4,25.6
06-03-2022,3,26.6,327,0,0,22.33,28.5,30.1,26.7
07-03-2022,3,28,329,0,0,21.93,28.9,31.2,27.2
08-03-2022,3,22.8,353,0,0,21.69,29.7,34.6,27
09-03-2022,2,27.8,349,0,0,21.23,29.4,31,28
10-03-2022,1,26,338,0,0,22.21,29.9,31.8,27.8
11-03-2022,0,24.8,341,0,0,23.08,29.9,32.5,28.3
12-03-2022,1,21.9,317,0,0,21.92,30.7,33.4,27.8
13-03-2022,0,35.9,351,0,0,23.53,29.5,32,27.9
14-03-2022,2,30.4,342,0,0,23.91,29.5,31.4,27.9
15-03-2022,2,31.2,342,0,0,23.82,30.1,31.9,27.5
16-03-2022,1,34,337,0,0,23.92,30.4,33,28.5
17-03-2022,0,31.7,322,0,0,23.25,30.7,32.1,29.4
18-03-2022,3,35.6,331,0,0,23.68,31,32.5,28.7
19-03-2022,3,22,221,0,0,21.77,31.5,32.9,30.5
20-03-2022,3,39.2,287,0,0,20.63,30.7,31.6,27.2
21-03-2022,3,36.1,330,0,0,17.32,30,31.2,28.4
22-03-2022,3,36.7,337,0,0,20.23,30.2,31.6,28.8
23-03-2022,3,40.1,341,0,0,22.12,29.7,33,27.1
24-03-2022,3,15.3,262,0,0,18.69,31.5,34,29.4
25-03-2022,3,26.7,287,0,0,23.99,31.8,32.9,29.7
26-03-2022,3,27.7,294,0,0,24.01,31.9,32.7,30.1
27-03-2022,3,27.2,297,0,0,23.28,31.5,33.5,29.9
28-03-2022,1,26.4,312,0,0,23.25,32.1,33.1,30.5
29-03-2022,2,26.6,320,0,0,24.69,31.8,32.7,30.7
30-03-2022,0,26,330,0,0,25.02,31.6,32.9,29.2
31-03-2022,0,19.5,322,0,0,25.39,31,32.8,29.3
01-04-2022,1,25.7,298,0,0,25.53,30.8,32.9,28.3
02-04-2022,3,25,280,0,0,24.62,31.5,32.4,30
03-04-2022,2,26.1,285,0,0,24.47,31.7,32.9,30.2
04-04-2022,2,27.7,267,0,0,24.53,32.6,33.6,31.9
05-04-2022,3,27.1,269,0,0,24.3,33.1,34.1,31.6
06-04-2022,3,24.6,267,0,0,24.39,32.8,34,31.5
07-04-2022,3,27,275,0,0,24.47,33.2,34.4,31
08-04-2022,3,28.1,217,0,0,24.89,32.9,35,31.5
09-04-2022,3,24.3,218,0,0,24.64,33.3,34.5,31.9
10-04-2022,3,25.9,257,0,0,24.74,32.8,34,30.5
11-04-2022,3,30.8,293,0,0,24.45,32.8,34.2,30.7
12-04-2022,3,31.2,322,0,0,24.69,32.7,34.2,31.1
13-04-2022,3,31.5,323,0,0,25.1,33,35,31.6
14-04-2022,3,24.4,261,0,0,25.02,33.2,34,32.4
15-04-2022,2,24.9,272,0,0,25.36,32.6,33.9,30.9
16-04-2022,2,26.1,266,0,0,25.96,32,33.3,30.7
17-04-2022,2,24.7,262,0,0,25.68,32.2,33.5,30.8
18-04-2022,3,30.8,291,0,0,25.35,32.2,33.8,29.9
19-04-2022,3,31.6,312,0,0,24.61,32.5,33.8,30
20-04-2022,3,35,330,0,0,20.08,32.8,33.7,31.3
21-04-2022,3,31.1,335,0,0,24.06,33.5,35.8,31.2
22-04-2022,1,28.9,319,0,0,25.3,34.6,37.2,33.2
23-04-2022,2,23.2,258,0,0,25.22,35.5,36.4,34.2
24-04-2022,3,25.8,261,0,0,24.38,34.3,36.3,32.9
25-04-2022,0,27.5,321,0,0,25.62,34.1,35.3,32.7
26-04-2022,1,29.2,302,0,0,25.56,33.5,35.1,31.6
27-04-2022,3,31.8,331,0,0,25.47,34,35.2,33
28-04-2022,0,22.7,231,0,0,25.69,34.9,36.7,33.6
29-04-2022,0,26,286,0,0,25.46,34.5,36.4,33.1
30-04-2022,0,23.6,229,0,0,25.89,34,35,33.1
01-05-2022,0,21.2,244,0,0,25.78,34.5,35.6,33.7
02-05-2022,2,24.1,249,0,0,25.69,34.5,35.4,33.5
03-05-2022,1,22.4,284,0,0,25.18,34.4,35.8,33.3
04-05-2022,1,28.7,295,0,0,25.93,33.4,34.7,31.7
05-05-2022,2,31.9,322,0,0,25.94,32.8,35,31.7
06-05-2022,51,29.1,320,0.1,0.1,25.43,33.1,34.6,31.7
07-05-2022,2,32.8,308,0,0,25.33,34.2,35.7,31.9
08-05-2022,3,38.1,314,0,0,25.43,34.1,35.4,31.5
09-05-2022,3,32.1,299,0,0,21.5,33.6,35,32
10-05-2022,3,31,300,0,0,23.49,33.7,34.5,32
11-05-2022,3,26.4,261,0,0,20.46,33.6,35.1,32.6
12-05-2022,3,22.1,261,0,0,11.72,33.2,34.1,32.5
13-05-2022,3,22.3,240,0,0,15.81,33.2,33.7,32.7
14-05-2022,51,19.7,248,0.2,0.2,25.3,33.5,34.9,32.7
15-05-2022,1,23,280,0,0,24.52,33.6,34.9,32.7
16-05-2022,3,29.7,297,0,0,25.61,33.3,34.7,32
17-05-2022,3,21.7,279,0,0,25.08,33.8,35.4,32.7
18-05-2022,3,26.6,292,0,0,25.53,33.2,35,32.1
19-05-2022,3,27,277,0,0,25.42,33,34,31.8
20-05-2022,51,22.7,243,0.1,0.1,23.8,32.3,33.5,31.6
21-05-2022,3,30.6,240,0,0,22.41,32.3,33.3,31.2
22-05-2022,51,31.1,247,0.1,0.1,22.37,32.3,33.4,31.3
23-05-2022,51,27.4,247,0.3,0.3,22.42,32.9,34.5,32.1
24-05-2022,51,24.1,261,0.1,0.1,23.05,33,33.9,32.5
25-05-2022,1,21.8,282,0,0,25.31,33.1,34.5,32.1
26-05-2022,51,22.1,268,0.1,0.1,24.33,32.7,34,31.6
27-05-2022,51,23.7,254,0.1,0.1,22.53,32.6,33.9,31.6
28-05-2022,3,24.2,252,0,0,22.31,32.5,33.6,31.7
29-05-2022,2,23.4,263,0,0,23.02,32.8,33.6,31.8
30-05-2022,3,21.7,271,0,0,21.47,32.6,34,31.8
31-05-2022,3,24.9,285,0,0,23.28,32.7,34.3,31.8
01-06-2022,3,26.3,282,0,0,24.71,32.7,34.8,31.5
02-06-2022,3,25.5,282,0,0,22.78,32.8,34.3,31.7
03-06-2022,3,24.2,285,0,0,25.04,32.5,33.5,31.8
04-06-2022,3,24.4,292,0,0,24.52,33.3,34.6,32.3
05-06-2022,3,23.7,273,0,0,25.08,33.7,34.7,32.3
06-06-2022,3,23.2,259,0,0,23.25,33.4,34.3,32.1
07-06-2022,51,27.4,233,0.3,0.3,20.96,33.2,34.7,31.4
08-06-2022,61,20.7,244,2.1,2.1,22.81,33.6,34.8,32.1
09-06-2022,63,20.4,223,9,9,19.04,32.4,33.5,31.1
10-06-2022,61,26.8,198,11.9,11.9,19.47,31.4,33,29.4
11-06-2022,63,30.6,200,35.3,35.3,15.3,30.2,30.9,29.3
12-06-2022,63,34,186,20.9,20.9,9.79,29.4,30.5,28.7
13-06-2022,61,33.9,189,7.2,7.2,21.75,30.3,31.8,28.5
14-06-2022,51,29.5,203,1.2,1.2,22.92,31.5,32.8,29.2
15-06-2022,55,27.7,223,4.8,4.8,21.34,31.7,32.8,30.1
16-06-2022,55,28.1,204,3.1,3.1,20.72,31.6,32.9,30.3
17-06-2022,51,26,208,1.7,1.7,19.94,31.9,33,30.1
18-06-2022,61,30,206,7.3,7.3,21.62,31.3,32.4,29.3
19-06-2022,63,30.3,212,30.9,30.9,17.39,30,31.1,29.1
20-06-2022,63,27,229,62.9,62.9,4.54,30,30.9,29.2
21-06-2022,63,30.3,202,32.8,32.8,11.05,29.2,30.5,27.2
22-06-2022,63,28.7,174,39.7,39.7,16.42,30.2,31.5,28.5
23-06-2022,63,19.8,163,16.5,16.5,16.23,30.9,32.5,29.3
24-06-2022,63,34.7,160,11.1,11.1,15.52,29.8,31.7,28.3
25-06-2022,63,33,146,8.5,8.5,14.72,29.3,31.3,28
26-06-2022,63,41.4,178,27.8,27.8,8.01,28.9,30.5,27.5
27-06-2022,65,31.6,211,43.8,43.8,13.27,29.3,30,28.4
28-06-2022,63,28.4,204,14,14,15.07,29.8,31.2,28.4
29-06-2022,63,28.1,220,23.7,23.7,16.14,30.1,31.1,28.8
30-06-2022,65,28.3,223,49.3,49.3,12.91,29.7,31.2,28.1
01-07-2022,63,30.3,224,51,51,6.06,29.3,30.5,28.2
02-07-2022,61,28.8,232,21.8,21.8,13.05,29.7,31.6,28.2
03-07-2022,65,31.6,219,29.5,29.5,16.5,29.5,31.5,27.9
04-07-2022,63,35,232,33.9,33.9,8.52,29,31,27.4
05-07-2022,63,33.9,241,48.5,48.5,5.12,28.9,30,27.5
06-07-2022,63,34.3,226,42.5,42.5,6.44,28.6,29.4,27.8
07-07-2022,63,37.1,251,38.1,38.1,5.05,29.1,30.3,28.2
08-07-2022,61,40.2,263,16,16,11.09,28.7,29.8,27.3
09-07-2022,63,43.5,265,45.8,45.8,5.14,28.2,30.3,25.2
10-07-2022,63,35,266,41.7,41.7,5.97,28.2,29.9,26
11-07-2022,63,37.7,266,85.4,85.4,4.11,27.1,28.4,25.9
12-07-2022,63,37.6,270,61.5,61.5,4.54,27.4,29.3,26
13-07-2022,65,46.3,258,75.8,75.8,3.36,26.8,28.6,25.6
14-07-2022,63,49,236,53.2,53.2,3.93,26.7,28,25.7
15-07-2022,63,47.8,230,25.9,25.9,11.35,27.1,28.3,25.8
16-07-2022,63,47,231,33.2,33.2,15.43,27.5,29,26
17-07-2022,61,32.2,238,11.4,11.4,18.82,29.3,30.6,27.2
18-07-2022,65,30.8,241,54,54,4.96,28.5,30.1,27.3
19-07-2022,63,25.7,247,22.3,22.3,8.98,29,30,27.6
20-07-2022,61,23.5,246,7.5,7.5,14.09,29.6,30.4,28.6
21-07-2022,55,23.2,252,5.4,5.4,17.17,29.9,31.3,28.6
22-07-2022,53,26.5,266,4,4,21.05,30.3,31.9,28.5
23-07-2022,63,28.2,257,33.8,33.8,11.53,28.8,29.8,27.6
24-07-2022,63,27.3,239,26.9,26.9,9.94,28.8,30,27.3
25-07-2022,61,26.1,227,7.3,7.3,15.51,29.9,30.8,28.1
26-07-2022,53,21,233,4.2,4.2,14.26,30.4,31.5,28.9
27-07-2022,53,13.9,257,2.6,2.6,16.14,31.5,32.4,30.7
28-07-2022,51,20.9,318,0.5,0.5,20.76,31.9,32.9,30.9
29-07-2022,53,23.5,328,1.2,1.2,18.51,31.8,32.8,30.6
30-07-2022,51,20.2,308,0.5,0.5,22.22,31.9,33.1,31.3
31-07-2022,51,21.3,291,0.9,0.9,23.28,31.8,32.7,31.2
01-08-2022,53,21.5,290,3,3,21.68,31.2,33.1,29.7
02-08-2022,61,20.8,299,4.7,4.7,21.68,31.6,33.6,29.9
03-08-2022,63,18.3,286,7.2,7.2,20,31.6,32.4,29.6
04-08-2022,63,16.9,248,17.5,17.5,16.11,31.9,33,30.8
05-08-2022,63,21.8,221,37.6,37.6,8.4,30.7,32.1,29.1
06-08-2022,63,23.8,227,20.1,20.1,14.88,30.5,31.4,29.7
07-08-2022,63,25.3,243,52.5,52.5,11.91,30.3,31.4,29.3
08-08-2022,65,52.5,246,163.7,163.7,2.37,28.8,31.7,25.8
09-08-2022,63,50.6,235,65.7,65.7,5.06,26.5,27.3,25.4
10-08-2022,63,50.6,231,22.4,22.4,8.96,26.4,27.2,25.3
11-08-2022,63,57.3,228,33.1,33.1,15.17,25.9,27.2,24.3
12-08-2022,63,52.6,226,21.3,21.3,14.93,26.5,27.4,25.2
13-08-2022,55,41.1,231,10,10,20.3,27.7,29,26.1
14-08-2022,63,40.7,240,25.8,25.8,20.71,27.8,29.1,27
15-08-2022,65,37,241,69.9,69.9,6.69,27.5,28.9,26.5
16-08-2022,65,45.9,228,69.3,69.3,5.79,26.5,27.6,25.5
17-08-2022,63,41,225,21.5,21.5,16.57,27.2,28.5,26.3
18-08-2022,61,36,233,6.6,6.6,17.74,28.4,29.4,26.8
19-08-2022,63,32.2,239,18.6,18.6,15.67,28.4,29.4,27.5
20-08-2022,63,29.7,255,6.1,6.1,18.97,29.1,29.8,27.9
21-08-2022,53,32.7,260,4.9,4.9,18.95,28.9,30.1,27.4
22-08-2022,55,34.6,262,10.5,10.5,11.58,28.2,29.3,27.2
23-08-2022,61,33.8,246,10,10,17.02,28.1,29.1,27.1
24-08-2022,61,31.2,243,13.4,13.4,17.82,28.6,29.7,27.1
25-08-2022,53,20.5,234,5,5,16.36,29.4,30.6,28.3
26-08-2022,51,18.8,254,1.4,1.4,21.76,30.2,31.2,28.8
27-08-2022,51,20,279,1,1,22.8,30.3,31.9,29.6
28-08-2022,53,21.9,302,1.4,1.4,22.02,30.5,31.5,29.3
29-08-2022,51,22,325,1,1,22.9,31,32.6,29.9
30-08-2022,51,24.4,338,0.7,0.7,20.71,31.5,32.4,30.4
31-08-2022,65,25.1,334,16.1,16.1,19.21,31.7,33.4,29.7
01-09-2022,53,20.7,0,2.2,2.2,16.24,32.1,33,30.8
02-09-2022,53,20.2,304,1.6,1.6,22.85,32.6,34.6,29.8
03-09-2022,53,16.8,217,2,2,20.86,32.8,34.3,31.6
04-09-2022,61,19.9,290,8.7,8.7,12.2,31.6,32.7,30.7
05-09-2022,63,20.4,300,6.2,6.2,17.13,31.4,32.4,29
06-09-2022,53,17.8,333,2.4,2.4,18.46,32,32.9,31
07-09-2022,63,21.4,354,20.3,20.3,19.87,31.6,33.7,29.8
08-09-2022,65,18.6,10,57.6,57.6,11.98,31.6,32.9,29.6
09-09-2022,63,22.9,173,20.5,20.5,19.16,31.8,34,30.2
10-09-2022,61,13.5,154,6,6,17.19,31.9,34.2,30.9
11-09-2022,63,20.7,352,32.9,32.9,14.64,31.6,33.1,30.3
12-09-2022,63,27.7,244,34.8,34.8,14.05,30.8,32.6,28.9
13-09-2022,65,37.2,249,108.9,108.9,5.07,28.9,30.9,27.6
14-09-2022,65,40.5,226,82.9,82.9,12.73,27.9,28.7,26.9
15-09-2022,65,42.8,240,91.8,91.8,13.31,27.6,28.3,26.8
16-09-2022,63,35.1,242,46.7,46.7,6.44,28.3,29.6,27.2
17-09-2022,65,27.5,221,40,40,16.19,28.4,29.5,27.5
18-09-2022,65,22.2,252,85.7,85.7,8.87,29.3,30.6,28
19-09-2022,63,22.6,265,10.7,10.7,11.62,29.7,30.8,27.8
20-09-2022,53,18,288,5.5,5.5,9.39,29.7,30.8,28.6
21-09-2022,63,18.5,269,23.5,23.5,10.48,29.6,30.6,28.7
22-09-2022,61,20.6,237,12.3,12.3,6.18,29.3,30.8,27.9
23-09-2022,53,21.9,214,3.3,3.3,19.22,29.2,30,27.8
24-09-2022,61,23.8,217,5.5,5.5,17.5,29,30.7,27.3
25-09-2022,61,14.8,251,6,6,19.92,30.1,31.5,27.4
26-09-2022,51,18.4,293,0.2,0.2,21.33,30.5,31.4,29
27-09-2022,51,17.1,319,1.3,1.3,19.32,31,32,30.2
28-09-2022,51,20.2,300,0.8,0.8,20.66,31,32,29.6
29-09-2022,63,20.6,335,8.6,8.6,17.69,30.8,32.2,28
30-09-2022,61,20.7,336,7.6,7.6,19.46,31.3,32.9,28.9
01-10-2022,55,21.4,319,3.6,3.6,17.65,30.6,31.8,27.2
02-10-2022,53,18.6,326,1.1,1.1,21.19,31.4,32.8,30.1
03-10-2022,53,24.1,336,1.8,1.8,21.29,30.8,32.1,29.5
04-10-2022,53,25.5,342,1.4,1.4,20.57,31.3,32.4,30.4
05-10-2022,53,28.5,347,3.8,3.8,18.42,32.4,33.5,31.1
06-10-2022,63,30.6,319,13,13,18.02,31.1,33.1,29.1
07-10-2022,63,34.8,282,30.5,30.5,12.28,29.5,32,27.6
08-10-2022,63,30.7,227,13.8,13.8,7.11,29.9,31.9,28
09-10-2022,3,16.2,229,0,0,19.64,31.9,33,30.5
10-10-2022,51,16.3,3,0.2,0.2,19.14,32.4,34.3,31.1
11-10-2022,63,16.1,39,15.3,15.3,18.15,31.8,34.2,29.1
12-10-2022,63,14.1,56,7.8,7.8,14.97,31.3,32,29.7
13-10-2022,53,13.5,46,1.4,1.4,17.7,32.6,34.3,31.5
14-10-2022,63,19.6,71,13.6,13.6,17.48,31.6,34,29.1
15-10-2022,2,21.2,9,0,0,20.27,32.2,34.2,29.9
16-10-2022,51,25.6,43,0.2,0.2,20.47,31.1,33.6,28.4
17-10-2022,51,23.2,108,1,1,17.74,32,33.9,30.1
18-10-2022,63,27.4,183,18.2,18.2,10.66,30.4,32.6,27.2
19-10-2022,53,15.5,61,1,1,17.54,31.7,32.6,30.2
20-10-2022,53,14.8,11,0.6,0.6,18.8,32.2,33.3,30.7
21-10-2022,63,24.5,87,6.7,6.7,18.65,31.5,35.3,28
22-10-2022,2,22.7,37,0,0,19.13,32.1,34.5,29.3
23-10-2022,0,29.2,19,0,0,20.93,30.1,32.7,28
24-10-2022,0,26.8,355,0,0,20.94,30,32.2,28.4
25-10-2022,0,20.1,357,0,0,20.75,30.4,32,28.1
26-10-2022,0,24.3,11,0,0,20.68,29.6,32,27.2
27-10-2022,2,21.9,11,0,0,20.47,29.6,32,27
28-10-2022,0,29.2,45,0,0,20.48,29.2,32.5,25.3
29-10-2022,0,24.9,55,0,0,20.51,29.2,34.8,25.6
30-10-2022,0,28.9,25,0,0,20.5,29.2,33.5,25.8
31-10-2022,0,24.9,26,0,0,20.22,29,32.3,25.7
01-11-2022,0,26.3,33,0,0,20.26,28.4,32.3,25.2
02-11-2022,1,24.8,12,0,0,19.58,28.7,31.9,24.9
03-11-2022,0,24.9,28,0,0,20.17,29.3,33.8,25.1
04-11-2022,0,25.1,14,0,0,20.01,29.3,33.4,26.4
05-11-2022,0,22.4,12,0,0,19.73,29.4,33.1,26.4
06-11-2022,2,19.3,1,0,0,19.44,29.3,32.6,26.9
07-11-2022,3,20.7,9,0,0,19.02,28.9,31.6,25.7
08-11-2022,0,23.8,1,0,0,19.14,29.3,31.7,26.9
09-11-2022,2,25.5,357,0,0,18.74,28.9,30.8,27.1
10-11-2022,3,33,20,0,0,19.12,28.7,33,25.3
11-11-2022,3,30.7,19,0,0,19.03,28.1,31.6,24.9
12-11-2022,3,31.1,14,0,0,19.04,28.8,33,25.9
13-11-2022,0,24,17,0,0,19.08,28.9,33.4,25.4
14-11-2022,0,19.9,2,0,0,18.51,29.9,32.1,26.7
15-11-2022,0,22.6,355,0,0,18.47,29.7,31.3,27.9
16-11-2022,0,24.8,2,0,0,18.63,29.1,32.5,26.7
17-11-2022,0,27.1,7,0,0,18.67,27.7,31,24.2
18-11-2022,0,29.6,12,0,0,18.75,26.3,30,23.2
19-11-2022,0,27.7,21,0,0,18.61,26.4,31.2,23.4
20-11-2022,0,31.7,17,0,0,18.68,24.8,28.2,22.3
21-11-2022,3,27.5,9,0,0,18.64,24.7,27.7,21.7
22-11-2022,3,24.9,358,0,0,17.89,26.1,27.9,22.4
23-11-2022,3,24.4,358,0,0,17.31,27.1,29.2,24.6
24-11-2022,3,21.4,353,0,0,17.54,27.7,29.1,25.6
25-11-2022,3,16.3,355,0,0,17.01,29.4,30.6,26.8
26-11-2022,0,17.4,348,0,0,16.95,30.4,33.2,29
27-11-2022,2,18.6,341,0,0,16.87,29.5,30.8,27.7
28-11-2022,3,22.2,342,0,0,17.42,27.4,28.5,26.2
29-11-2022,3,20.9,348,0,0,17.4,27.8,30,25.5
30-11-2022,3,17.9,4,0,0,17.26,29.1,30.8,26.5
01-12-2022,3,22.3,9,0,0,17.19,27.8,30.8,25.4
02-12-2022,1,20.6,9,0,0,17.55,27.5,30.2,24.5
03-12-2022,2,22.9,351,0,0,16.82,28.3,29.9,25.9
04-12-2022,3,17.4,354,0,0,15.57,30.1,31.8,28
05-12-2022,3,20.8,352,0,0,16.08,30.1,31.3,28.9
06-12-2022,1,22.9,350,0,0,16.34,30,31.9,28.5
07-12-2022,3,27.8,357,0,0,16.92,29,30.9,27.6
08-12-2022,3,27.2,7,0,0,16.78,27.7,30,25.7
09-12-2022,3,28.3,15,0,0,17.81,25.2,28.5,21.8
10-12-2022,3,27.8,11,0,0,17.74,25.6,28.7,22.4
11-12-2022,3,23.2,359,0,0,16.5,27.6,29.4,24.5
12-12-2022,3,20.6,4,0,0,15.24,30.1,32.7,27.5
13-12-2022,3,24.1,22,0,0,14.47,30.5,32.9,28.9
14-12-2022,3,16.5,33,0,0,14.36,30.7,33,28.7
15-12-2022,3,15.4,355,0,0,14.87,30.9,32.8,29
16-12-2022,0,19.4,356,0,0,16.25,30.7,33.4,28.7
17-12-2022,3,22.9,354,0,0,15.42,30.8,32.6,28.8
18-12-2022,3,30.6,360,0,0,16.1,30.2,32.7,28.9
19-12-2022,3,31.3,2,0,0,16.42,28.7,30,26.7
20-12-2022,3,24.5,356,0,0,16.69,27.8,29.5,25.2
21-12-2022,1,23.8,357,0,0,16.91,28,29.9,24.5
22-12-2022,0,25.4,345,0,0,16.7,28.1,29.9,26.1
23-12-2022,1,30.4,346,0,0,16.82,25.7,27.9,23.6
24-12-2022,3,29.5,355,0,0,17.26,22.6,23.8,20.4
25-12-2022,0,18.7,343,0,0,17.35,24.3,25.5,22.8
26-12-2022,0,24.2,353,0,0,16.94,25,26.7,23.1
27-12-2022,0,27.1,352,0,0,16.46,25.7,27,24.1
28-12-2022,0,24.2,347,0,0,16.83,26.3,27.5,24.6
29-12-2022,0,25.3,345,0,0,16.79,26.9,28.6,25.2
30-12-2022,0,26.6,348,0,0,16.91,26.5,27.7,25.2
31-12-2022,3,31.1,348,0,0,16.96,24.5,26.2,22.1
01-01-2023,3,29.1,351,0,0,17.42,23.6,24.7,22.1
02-01-2023,0,26.4,353,0,0,17.23,24.7,26.3,21.9
03-01-2023,3,27.9,347,0,0,17.16,24.6,25.9,23
04-01-2023,1,25,355,0,0,17.01,25.4,27,22.9
05-01-2023,2,18.3,356,0,0,16.74,26.8,28.4,24.9
06-01-2023,2,23.3,353,0,0,15.88,27.5,30.9,25.6
07-01-2023,1,22.9,2,0,0,15.13,27.7,31.3,25.9
08-01-2023,0,29.5,6,0,0,17.03,26.2,29.9,23.4
09-01-2023,0,29.8,2,0,0,17.71,24.5,27.1,22.1
10-01-2023,0,27.6,360,0,0,18.13,24.6,26.9,21.2
11-01-2023,0,24.3,353,0,0,17.98,24.5,26,22.2
12-01-2023,51,26.9,339,0.1,0.1,18.04,24.6,26.1,22.5
13-01-2023,1,31.1,355,0,0,17.72,22.5,25.2,19.5
14-01-2023,3,32.9,353,0,0,18.14,20.4,22,19.4
15-01-2023,2,29.1,345,0,0,18.21,21.8,23.9,19.3
16-01-2023,2,25.5,350,0,0,18.41,22.4,23.7,21.4
17-01-2023,1,23.2,347,0,0,18.35,23.5,24.4,22.1
18-01-2023,3,20.1,345,0,0,18.75,24.3,26.1,21.5
19-01-2023,1,17.9,343,0,0,18.41,25.1,26.4,23.3
20-01-2023,2,24,344,0,0,18.36,24.5,26.3,22.4
21-01-2023,1,28,345,0,0,18.39,23.2,24.3,22.2
22-01-2023,0,34.9,351,0,0,18.41,21.2,23,20.2
23-01-2023,0,34.8,346,0,0,18.55,20.5,21.7,19.6
24-01-2023,2,34.2,346,0,0,18.35,20.1,21,19
25-01-2023,3,39,349,0,0,18.23,19.5,20.4,18
26-01-2023,3,30.5,349,0,0,18.31,22.1,24.4,19.1
27-01-2023,0,20.7,343,0,0,18.28,26.2,29,23.4
28-01-2023,1,24.3,229,0,0,19,27.2,28.8,25.1
29-01-2023,53,20.6,318,1.7,1.7,16.24,25.8,28.1,24.6
30-01-2023,3,31.2,343,0,0,18.65,24,25.1,23
31-01-2023,1,33.1,353,0,0,18.76,24.8,27.1,23.1
01-02-2023,3,34,29,0,0,18.21,26.5,30.3,24.7
02-02-2023,2,31,11,0,0,18.84,26.5,31.3,24.7
03-02-2023,3,28.3,349,0,0,19.62,25.8,28.1,24.5
04-02-2023,1,25.3,341,0,0,20.03,25.6,26.6,23.6
05-02-2023,2,17.6,333,0,0,20.24,26.2,27.4,24.4
06-02-2023,3,26,343,0,0,20.52,25.5,26.7,23.8
07-02-2023,3,27.6,345,0,0,20.51,25.2,26.9,23.2
08-02-2023,3,28.9,347,0,0,20.49,25.4,27.2,23.3
09-02-2023,3,28.9,344,0,0,20.77,26.4,29.1,24.4
10-02-2023,2,28.1,341,0,0,20.9,25.5,27.1,24.2
11-02-2023,0,29.9,346,0,0,21.19,25.1,27.5,24.1
12-02-2023,0,34.4,3,0,0,21.31,24.8,26.7,22.7
13-02-2023,2,36.7,355,0,0,21.46,25.9,28.7,24.3
14-02-2023,1,25.7,355,0,0,21.7,26.2,28.3,23.3
15-02-2023,0,27.4,3,0,0,21.88,26.2,28.6,23.4
16-02-2023,0,35.3,5,0,0,21.89,26,29.3,23.4
17-02-2023,0,36.8,357,0,0,21.97,26.1,29,23.7
18-02-2023,0,29.9,353,0,0,22.41,26.7,28.7,23.5
19-02-2023,0,25.2,327,0,0,22.26,27.6,31.4,23.8
20-02-2023,0,21.7,311,0,0,21.99,28.8,29.5,27.9
21-02-2023,3,26.8,337,0,0,22.15,27.5,28.8,26
22-02-2023,3,29.7,339,0,0,21.78,26.4,27.5,25.1
23-02-2023,0,30.6,342,0,0,22.49,26.5,28.3,24
24-02-2023,0,33.3,346,0,0,22.43,27,29.1,25.2
25-02-2023,3,31.3,345,0,0,22.36,27.1,29,25.4
26-02-2023,0,32.4,348,0,0,22.67,26.8,29.1,24.3
27-02-2023,0,26.6,340,0,0,22.62,27.6,29.7,25.2
28-02-2023,0,24.2,338,0,0,22.65,27.4,29.5,24.7
01-03-2023,0,26.1,344,0,0,22.58,27.9,30.1,25.2
02-03-2023,0,23.9,344,0,0,22.38,29.2,31.7,26.4
03-03-2023,0,26,326,0,0,22.58,30,32.1,28.1
04-03-2023,3,23,319,0,0,22.37,30.6,32.7,29.1
05-03-2023,3,22.3,340,0,0,20.29,30.9,32.6,28.6
06-03-2023,3,29.8,29,0,0,21.03,29.5,34.5,24.7
07-03-2023,3,26.7,52,0,0,21.56,30,33.5,24.5
08-03-2023,1,26.7,349,0,0,22.69,29.1,31.7,26.3
09-03-2023,2,33.5,352,0,0,22.65,28.5,33.2,25.5
10-03-2023,1,32,347,0,0,23.1,28.2,30.7,25.1
11-03-2023,0,24.6,349,0,0,22.23,29.5,32,26.1
12-03-2023,3,21.6,353,0,0,20.32,30.7,34.2,27.6
13-03-2023,3,21.1,247,0,0,19.15,31.7,32.9,30.1
14-03-2023,3,23.3,323,0,0,22.47,31.3,35.3,30.2
15-03-2023,51,25.6,338,0.2,0.2,20.94,30.5,32.7,28.2
16-03-2023,65,21.9,173,14.9,14.9,19.63,29.6,33,25.9
17-03-2023,51,20.5,297,0.6,0.6,21.56,30.3,31.5,29
18-03-2023,1,25.5,312,0,0,23.52,30.2,32,28.6
19-03-2023,53,22.1,282,2.6,2.6,23.64,29.1,31.1,27.6
20-03-2023,51,20,289,0.1,0.1,23.86,28.6,29.5,27.3
21-03-2023,63,18,307,3,3,22.3,28.4,30,24.7
22-03-2023,51,18.6,313,0.3,0.3,22.72,29.2,30.5,28.4
23-03-2023,51,22.9,327,0.2,0.2,21.62,29.1,31.6,28.1
24-03-2023,1,27.5,332,0,0,24.02,29.2,31.7,26.8
25-03-2023,1,33.4,335,0,0,24.81,26.6,28.9,25
26-03-2023,3,28.2,337,0,0,24.29,27.1,28.5,24.9
27-03-2023,51,27.3,317,0.1,0.1,24.54,28.7,30.8,27.1
28-03-2023,51,26.6,323,0.3,0.3,24.56,29.1,30.9,27.7
29-03-2023,51,22.5,310,0.5,0.5,23.53,29.3,30.4,28.2
30-03-2023,3,16.6,294,0,0,22.45,29,30.1,28.4
31-03-2023,3,18.8,311,0,0,22.19,29.4,30.4,27.5
01-04-2023,51,29.7,327,0.4,0.4,25.18,28.7,30.5,26.9
02-04-2023,51,29.3,305,0.1,0.1,24.43,29,30.6,27.7
03-04-2023,51,30.4,324,0.1,0.1,24.17,29.4,30.9,27.4
04-04-2023,2,32.2,330,0,0,24.68,30.2,31.6,28.3
05-04-2023,2,30.7,326,0,0,24.62,30.4,31.8,28.2
06-04-2023,1,30,338,0,0,24.78,30.4,32,28.9
07-04-2023,3,30.5,347,0,0,23.89,31.1,32.5,29.6
08-04-2023,3,23.4,334,0,0,22.91,32.4,33.7,30
09-04-2023,1,29.8,328,0,0,24.85,32.7,34,30.8
10-04-2023,2,25.9,326,0,0,24.08,32.8,34.3,31.5
11-04-2023,0,28.9,324,0,0,24.62,32.3,33.4,30.9
12-04-2023,3,32.6,337,0,0,24.7,31.8,32.8,30.7
13-04-2023,3,33.4,335,0,0,20.12,32.2,33.4,31.3
14-04-2023,3,31.3,332,0,0,22.18,32.7,34.4,30.8
15-04-2023,1,30.8,327,0,0,25.29,32.1,33.6,30.7
16-04-2023,1,29,331,0,0,25.48,31.9,33.5,30.7
17-04-2023,0,30.4,335,0,0,25.53,31.8,34,29.8
18-04-2023,1,35.8,345,0,0,24.32,32.4,34.6,30.5
19-04-2023,0,35.8,335,0,0,25.41,33.2,34.7,31.3
20-04-2023,1,32.4,315,0,0,25.19,32.5,34.4,30.3
21-04-2023,0,27.5,318,0,0,25.73,32.1,33.3,30.1
22-04-2023,1,22.9,290,0,0,25.3,31.9,33.8,30.5
23-04-2023,3,28.4,313,0,0,25.25,31.4,33,29.6
24-04-2023,3,34.6,307,0,0,25.73,32.4,33.7,30.2
25-04-2023,3,26.7,250,0,0,25.77,33,34.7,31.1
26-04-2023,3,28.5,243,0,0,24.88,31.8,32.8,30
27-04-2023,1,28.5,317,0,0,24.42,31.7,33.2,29.6
28-04-2023,1,22.9,310,0,0,24.63,32.2,33.1,30.1
29-04-2023,3,27.1,314,0,0,24.47,31.1,32.7,29.5
30-04-2023,1,23.9,306,0,0,24.56,31.8,33.4,30.6
01-05-2023,51,19.6,277,0.2,0.2,22.26,31.2,32.5,27.2
02-05-2023,51,19.9,286,0.1,0.1,24.29,31.7,33,30.7
03-05-2023,3,21.5,303,0,0,25.54,31.8,33.2,30.8
04-05-2023,51,22,313,0.2,0.2,24.87,31.8,32.8,30.8
05-05-2023,3,25.4,304,0,0,25.51,32.3,33.5,30.8
06-05-2023,3,29,309,0,0,25.02,32.4,33.4,30.7
07-05-2023,61,20.1,311,2.4,2.4,15.31,32.2,33.1,30.7
08-05-2023,3,27.3,303,0,0,22.87,33.5,34.4,31.7
09-05-2023,3,26.7,302,0,0,23.4,34.6,36,32.7
10-05-2023,3,30.6,287,0,0,24.64,35.3,36.5,32.9
11-05-2023,3,23.4,223,0,0,25.28,35.6,37.1,34
12-05-2023,1,24.2,217,0,0,25.78,35.3,36.7,33.3
13-05-2023,0,21.4,234,0,0,25.8,34.7,36,33.8
14-05-2023,1,19.5,252,0,0,26.11,34.7,36.3,34
15-05-2023,51,22.7,275,0.7,0.7,25.2,34.5,36.4,33.7
16-05-2023,1,18.7,281,0,0,25.2,34.8,36.6,33.9
17-05-2023,1,31,307,0,0,25.88,33.9,35.5,32.1
18-05-2023,51,32.4,319,0.1,0.1,25.19,33.8,34.9,32.1
19-05-2023,1,31.5,317,0,0,25.79,33.7,34.6,32.4
20-05-2023,1,22.9,305,0,0,25.03,33.8,34.9,32.9
21-05-2023,1,23.8,306,0,0,24.85,33.7,34.9,32.9
22-05-2023,2,25,319,0,0,24.49,33.8,35.1,32.5
23-05-2023,51,29.2,317,0.1,0.1,25.25,33.9,35.3,32.5
24-05-2023,1,24.9,278,0,0,25.3,34,35.8,32.4
25-05-2023,51,24.9,262,0.2,0.2,23.34,33.7,35,32.5
26-05-2023,2,25,263,0,0,23.64,33.2,34.4,32.2
27-05-2023,2,22,268,0,0,22.34,33.8,34.5,33.2
28-05-2023,1,21.1,297,0,0,25.44,34.7,35.7,33.6
29-05-2023,1,32.1,314,0,0,25.8,34.7,36.1,32.8
30-05-2023,1,26.3,313,0,0,25.85,35.4,36.9,34
31-05-2023,1,33.5,322,0,0,25.87,35.1,36.9,33.3
01-06-2023,1,29,294,0,0,25.88,35.1,36.7,33.6
02-06-2023,1,21.8,285,0,0,25.02,34.8,36.6,33.8
03-06-2023,1,22.5,280,0,0,24.04,35,36.5,34.2
04-06-2023,51,22.5,281,0.4,0.4,22.71,35,35.8,34.3
05-06-2023,1,24,268,0,0,24.94,34.4,35.1,33.6
06-06-2023,1,18.1,261,0,0,24.76,34.7,36.2,33.7
07-06-2023,2,26.1,228,0,0,25.08,34.8,36.9,33.4
08-06-2023,51,21.6,209,0.9,0.9,24.43,35.1,36.8,33.7
09-06-2023,51,46.4,186,1.2,1.2,22.66,33.2,35.5,30.1
10-06-2023,61,44.1,177,3.6,3.6,22.99,31.6,34.4,28.5
11-06-2023,65,46.9,171,16,16,22.19,29.9,32.2,27.4
12-06-2023,55,51.7,178,4.4,4.4,21.27,29.1,31.3,27.6
13-06-2023,63,47.5,182,11.4,11.4,20.65,29.1,30.8,26.1
14-06-2023,55,42.9,196,3,3,20.71,30.2,31.2,28.6
15-06-2023,55,44.9,203,3.7,3.7,23.68,30.7,32.7,28.7
16-06-2023,53,46.5,217,4.1,4.1,20.88,30.8,31.9,29.8
17-06-2023,51,33.8,233,2.7,2.7,22.34,31.9,33.1,31
18-06-2023,53,26.9,251,4.2,4.2,22,32.7,33.9,31.7
19-06-2023,51,25.6,250,0.1,0.1,22.3,33.2,34.3,32.2
20-06-2023,51,23.2,247,0.4,0.4,23.59,33.3,34.1,32.6
21-06-2023,51,24.4,241,0.8,0.8,23.66,33.5,34.8,32.3
22-06-2023,53,22,238,1.6,1.6,23.63,33.5,34.8,32.1
23-06-2023,61,24.4,213,6.6,6.6,21.09,32.1,33.8,30.5
24-06-2023,63,22.4,230,25.8,25.8,14.07,31.1,32.6,29.6
25-06-2023,63,26.5,221,20.4,20.4,8.31,30.4,32.2,28.8
26-06-2023,63,29,217,24.7,24.7,7.36,29.6,32.6,28.6
27-06-2023,63,33.1,228,34.8,34.8,8.88,29.8,31.7,28.1
28-06-2023,65,32,239,67.3,67.3,9.9,30,30.9,28.9
29-06-2023,65,36.2,243,56.3,56.3,6.72,29.3,31.1,27.6
30-06-2023,63,41.4,246,57.1,57.1,8.16,28.9,30.9,27
01-07-2023,65,37,232,44.8,44.8,13.17,29.5,30.8,28.2
02-07-2023,63,32.5,232,33.3,33.3,15.94,29.8,30.9,28.5
03-07-2023,63,25.9,238,13.7,13.7,16,31.3,32.8,30.1
04-07-2023,65,25.4,241,29.8,29.8,15.42,31.2,32.8,30.1
05-07-2023,65,25.9,243,56.3,56.3,12.68,31,32,29.6
06-07-2023,65,41.8,232,119,119,4.93,28.9,31,26.7
07-07-2023,63,45,238,66,66,10.05,28.6,29.8,27.4
08-07-2023,61,42.7,234,11,11,20.66,29.2,31.5,27.5
09-07-2023,55,36.4,236,9,9,20.38,29.8,30.9,29
10-07-2023,53,31.8,240,6.4,6.4,17.15,30.5,31.5,29.8
11-07-2023,55,28.1,253,9.5,9.5,17.2,31,32.4,29.3
12-07-2023,61,30.2,229,13.7,13.7,7.68,30.8,32.2,27.9
13-07-2023,63,28,227,19.3,19.3,15.05,29.9,31,28.6
14-07-2023,63,30,245,41,41,11.97,29.7,31.7,28.4
15-07-2023,63,24.8,248,19.5,19.5,12.95,30.1,31.3,28.7
16-07-2023,63,29,241,23.9,23.9,14.49,29.5,31,28.3
17-07-2023,63,34.2,244,42.5,42.5,10.41,29.2,30.5,27.9
18-07-2023,63,41.2,255,57.1,57.1,5.24,28.3,29.2,27.3
19-07-2023,63,37.1,263,55.3,55.3,6.19,28.7,29.5,28.3
20-07-2023,63,38.6,253,18.3,18.3,14,29.1,31.1,27.9
21-07-2023,63,35.7,257,44.9,44.9,10.81,29.5,30.9,28.4
22-07-2023,63,36,255,44.9,44.9,5.12,28.5,29.5,27.2
23-07-2023,65,46.4,247,53.9,53.9,11.32,28.1,29.3,26.4
24-07-2023,65,39,246,65.1,65.1,11.7,28.4,29.6,26.9
25-07-2023,65,33.4,249,103.9,103.9,8.28,28.8,30.5,27.4
26-07-2023,65,39.6,259,93.5,93.5,8.88,28.2,29.4,27.3
27-07-2023,63,37.5,266,64.5,64.5,6.67,28.1,28.6,27
28-07-2023,63,37.4,267,55.4,55.4,5.39,28.4,30.7,26.7
29-07-2023,61,34.2,254,8.4,8.4,13.08,29,29.9,27.8
30-07-2023,55,37.5,252,10.4,10.4,14.87,28.9,29.7,27.7
31-07-2023,61,33.9,252,9.4,9.4,17.49,28.9,29.9,27.9
01-08-2023,53,36.7,249,6.1,6.1,18.9,29,30.1,27.7
02-08-2023,55,38.4,248,10.4,10.4,16.52,28.7,29.8,27.4
03-08-2023,53,37,251,5.5,5.5,20.15,28.9,30.2,28
04-08-2023,61,36.9,247,6.5,6.5,13.26,29.3,30.7,28
05-08-2023,61,34.3,250,5,5,19.98,29.4,31,28.3
06-08-2023,51,35.8,250,2.6,2.6,20.38,29.4,31.2,28.2
07-08-2023,51,34.7,246,1,1,22.71,29.4,30.2,28.6
08-08-2023,53,35.1,245,2.6,2.6,23.54,29.9,31.3,28.5
09-08-2023,55,29.3,252,4.8,4.8,19.91,30.3,31.2,28.9
10-08-2023,61,25.7,250,7,7,20.45,30.2,32.6,27.3
11-08-2023,53,24.9,264,2.8,2.8,22.38,30.9,32.3,29.5
12-08-2023,61,28.3,256,5.9,5.9,17.52,29.4,30.7,27.9
13-08-2023,53,34.2,250,3.6,3.6,21.88,29.7,31.4,28.9
14-08-2023,53,33.8,236,1,1,21.53,29.7,30.7,28.4
15-08-2023,53,26.2,232,4.7,4.7,16.93,30.3,31.3,29.3
16-08-2023,53,27,269,3.5,3.5,22.16,30.8,32.3,28.9
17-08-2023,51,26.2,285,2,2,21.61,30.2,32.2,29.4
18-08-2023,53,27.7,290,1.4,1.4,20.31,30.1,30.9,28.5
19-08-2023,53,28.8,296,6.8,6.8,17.85,29.8,30.9,28.4
20-08-2023,63,29.8,295,13,13,13.72,30,31.3,28.4
21-08-2023,55,22.3,282,5.7,5.7,19.32,30.8,31.8,29.4
22-08-2023,55,24.9,263,6.1,6.1,17.39,30.6,31.6,29.6
23-08-2023,53,26.5,243,2.3,2.3,22.67,30.5,31.9,29
24-08-2023,55,29.1,226,10.3,10.3,17.04,29.5,30.6,28.4
25-08-2023,61,28,223,9.8,9.8,18.7,29.9,31.6,27.8
26-08-2023,55,28.4,228,10.2,10.2,18.56,29.2,30.8,26.9
27-08-2023,63,24.5,231,15.7,15.7,17.23,29.6,31.6,27
28-08-2023,55,23,221,5.8,5.8,16.85,29.5,30.5,28.2
29-08-2023,53,15.1,253,2.5,2.5,21.07,32,33.1,30.7
30-08-2023,51,17.4,290,0.8,0.8,23.37,32.5,33.4,31.4
31-08-2023,51,21.2,328,0.7,0.7,24.04,32.6,34.4,31
01-09-2023,61,23.9,331,3.1,3.1,22.78,32.5,33.8,30.6
02-09-2023,61,15.9,305,2.8,2.8,16.83,32.2,33.7,30.5
03-09-2023,63,23,321,7.8,7.8,19.3,31.2,32.7,29.6
04-09-2023,51,25,306,1.3,1.3,22.92,31.7,32.5,30.5
05-09-2023,51,23.6,310,0.9,0.9,23.49,31.4,32.5,30.3
06-09-2023,55,26.8,290,3,3,22.71,31.8,33.8,30.2
07-09-2023,63,30.2,284,25.5,25.5,11.2,30.5,31.8,28.8
08-09-2023,63,32.7,290,40.7,40.7,7.07,30.3,31.3,28.6
09-09-2023,65,33.3,280,29.8,29.8,15.87,31.3,32.6,29.3
10-09-2023,53,24.7,257,5.3,5.3,18.1,31.6,32.4,30.2
11-09-2023,53,19.6,266,5.9,5.9,19.64,31.1,32.8,28.3
12-09-2023,51,24.5,255,2.6,2.6,22.44,31.5,32.2,30.1
13-09-2023,55,22.7,250,7,7,17.32,31.3,32.5,29.3
14-09-2023,55,17,230,3.7,3.7,21.75,31.6,32.8,29.7
15-09-2023,53,25.3,248,3,3,21.68,31.6,33.1,29.6
16-09-2023,53,38.6,249,5,5,8.9,30.2,31,28.5
17-09-2023,61,33.3,236,8.1,8.1,18.9,29.7,31.4,28.2
18-09-2023,63,37.2,217,28.8,28.8,16.27,28.9,30.7,27.9
19-09-2023,53,33.1,203,7.9,7.9,16.86,29.2,30.7,28.3
20-09-2023,63,29.7,211,16.5,16.5,16.15,29.9,30.9,29
21-09-2023,63,23.7,222,21.1,21.1,13.66,31,31.8,29.9
22-09-2023,63,18.2,181,27.9,27.9,10.9,31.4,32.9,30
23-09-2023,63,23.3,236,30.4,30.4,9.9,31.7,33,28.8
24-09-2023,63,18.4,250,15.5,15.5,17.25,31.1,32.1,29.5
25-09-2023,63,21.5,260,9.2,9.2,19.12,31.4,32.3,30.3
26-09-2023,61,19,287,4.5,4.5,18.44,32.1,33.3,30.5
27-09-2023,63,23.1,359,12.5,12.5,14.53,31.5,32.9,29
28-09-2023,61,32.1,311,4,4,12.82,32.4,34.7,27.5
29-09-2023,63,26.9,29,10.8,10.8,14.86,33.8,35,31.2
30-09-2023,63,19.9,360,13.9,13.9,14.3,34.4,36.7,32.3
01-10-2023,53,26.8,282,2.5,2.5,7.66,34,35.6,32.1
02-10-2023,63,18.1,240,7.9,7.9,17.04,32.4,33.5,29.5
03-10-2023,51,18.4,286,0.7,0.7,20.91,32.9,33.7,31.7
04-10-2023,51,20.6,296,0.3,0.3,21.65,32.4,34.3,27.9
05-10-2023,51,26.2,327,0.2,0.2,21.49,32.8,35.1,31.5
06-10-2023,51,24,337,0.2,0.2,20.88,32.3,33.5,31.4
07-10-2023,3,27.6,352,0,0,21.55,32.2,34.2,31.4
08-10-2023,1,28.9,352,0,0,21.3,33,34.2,31.3
09-10-2023,2,27.2,346,0,0,21.3,33.5,36.3,32.2
10-10-2023,0,32.2,352,0,0,21.53,32.4,35.1,31
11-10-2023,0,30.3,350,0,0,21.21,32.6,34.2,30.5
12-10-2023,1,27.2,338,0,0,20.49,33.9,35.2,32.7
13-10-2023,1,26.7,341,0,0,20.51,34.7,36.7,33.4
14-10-2023,0,22.4,336,0,0,20.96,34.3,35.2,32.1
15-10-2023,3,23.9,336,0,0,19.86,35.2,37.5,33.7
16-10-2023,3,25.1,353,0,0,20.53,33.9,35.3,30.6
17-10-2023,3,19.7,216,0,0,20.14,34.7,36.6,32.2
18-10-2023,3,31.3,347,0,0,20.28,33.8,36.4,32.2
19-10-2023,3,20.9,354,0,0,20.52,33,34.8,30.4
20-10-2023,3,16.6,335,0,0,19.82,34,35.6,31.8
21-10-2023,51,19.2,7,0.1,0.1,17.88,34.3,38.6,31.8
22-10-2023,3,19.5,341,0,0,19.76,34,35.1,32
23-10-2023,3,23.2,345,0,0,20.15,33.5,36.3,31.6
24-10-2023,3,25.3,4,0,0,19.99,32.5,35.4,29.9
25-10-2023,3,29.6,352,0,0,19.88,32.1,34.3,30.1
26-10-2023,3,33.3,357,0,0,20.34,31.3,33.7,28.8
27-10-2023,3,30.1,355,0,0,20.47,31.3,34.8,28.3
28-10-2023,3,29.3,7,0,0,20.43,30.7,33.7,27.8
29-10-2023,0,25.6,357,0,0,20.17,31.3,34.4,27.9
30-10-2023,1,23.3,356,0,0,19.93,32,35.3,28.8
31-10-2023,1,24.6,356,0,0,19.57,31.5,34.7,28.7
01-11-2023,3,27.7,347,0,0,19.71,30.9,33.6,28.5
02-11-2023,3,30.3,353,0,0,19.81,31,33.5,28.8
03-11-2023,3,29.9,5,0,0,19.45,31.4,35.5,28.9
04-11-2023,3,24.4,1,0,0,19.23,32.4,37.9,28.7
05-11-2023,3,23.5,355,0,0,18.82,32.9,36.7,30.8
06-11-2023,3,26.8,351,0,0,18.48,31.4,34.9,28.8
07-11-2023,3,33.5,349,0,0,19.04,31.2,33.1,28
08-11-2023,3,35.4,198,0,0,17.85,32,33.5,28.3
09-11-2023,55,20.7,349,1.4,1.4,17.85,33.1,34.9,30.6
10-11-2023,51,34,73,0.2,0.2,17.82,32,35.1,27.9
11-11-2023,3,28.6,358,0,0,17.82,32.6,35.9,29.7
12-11-2023,3,25.8,14,0,0,17.87,32.6,38.6,29.3
13-11-2023,3,25.3,353,0,0,18.07,31.9,35.3,28.9
14-11-2023,3,22.9,350,0,0,18.23,31.8,33.9,29.5
15-11-2023,0,25.5,352,0,0,18.7,31.1,34,29.2
16-11-2023,1,27.1,352,0,0,18.63,30.4,33.8,28.3
17-11-2023,0,30.8,7,0,0,18.53,30.3,34.5,26.9
18-11-2023,2,21.8,360,0,0,18.32,30.5,33.6,26.7
19-11-2023,3,27.2,352,0,0,18.03,30.4,31.9,28.3
20-11-2023,3,21.8,343,0,0,17.51,32.2,35.7,29
21-11-2023,3,29.6,356,0,0,17.62,30.6,33.9,27.8
22-11-2023,0,31.4,357,0,0,18.03,29.3,32.8,27
23-11-2023,0,27.5,354,0,0,17.8,29.3,30.9,26.3
24-11-2023,0,20.1,17,0,0,16.76,31.6,35.3,28.2
25-11-2023,3,18.8,256,0,0,16.78,32.7,34.9,28.5
26-11-2023,63,22.6,254,7.8,7.8,14.81,31.1,34.2,27.1
27-11-2023,51,26.1,351,0.1,0.1,15.89,29.9,30.7,29
28-11-2023,51,26.3,348,0.1,0.1,16.98,28.4,30,26.8
29-11-2023,3,27.1,348,0,0,17.17,27.9,29.1,27.1
30-11-2023,1,27.2,344,0,0,16.95,28.8,30.1,27.7
01-12-2023,1,22.2,345,0,0,16.41,29,30.7,27.8
02-12-2023,3,22.9,355,0,0,16.56,30.2,31.8,27.5
03-12-2023,3,27.9,357,0,0,16.63,31,33.5,29.9
04-12-2023,3,30.9,352,0,0,15.64,30.4,31.5,28.6
05-12-2023,3,34.7,351,0,0,16.05,29.4,31.7,28.3
06-12-2023,3,34,0,0,0,16.46,28.9,30.8,27.8
07-12-2023,0,32.6,359,0,0,16.66,28.3,31.5,26.4
08-12-2023,2,28.9,0,0,0,16.68,28.7,31.7,26.3
09-12-2023,3,29.4,354,0,0,16.66,28.4,30.5,26.2
10-12-2023,3,29,1,0,0,16.62,29.3,32.4,26.6
11-12-2023,3,29.5,355,0,0,16.69,28.5,30.7,27.1
12-12-2023,3,31,353,0,0,16.67,27.4,30,26.3
13-12-2023,3,29,344,0,0,16.82,28.2,29.7,26.1
14-12-2023,1,23.4,10,0,0,16.79,28.5,31.1,26.1
15-12-2023,0,23.9,17,0,0,16.94,27.7,30.4,25.5
16-12-2023,1,32.3,11,0,0,17,26.3,29.8,23.8
17-12-2023,1,33.5,13,0,0,16.38,27.6,31.3,23.2
18-12-2023,3,23.2,54,0,0,14.92,28.6,32.2,25
19-12-2023,3,27.5,56,0,0,15.44,27.4,31.8,23.6
20-12-2023,3,28.2,33,0,0,15.4,26.9,32.6,23.1
21-12-2023,3,23.7,11,0,0,14.22,28.1,31.5,24.9
22-12-2023,3,19.3,3,0,0,10.97,29,31.2,26.2
23-12-2023,3,28.7,355,0,0,16.63,28.2,30.3,25.3
24-12-2023,3,25.3,16,0,0,16.75,27.6,29.8,25
25-12-2023,3,28.6,10,0,0,16.82,27.6,30.4,25.6
26-12-2023,0,20.3,6,0,0,16.86,28.3,30.3,25.7
27-12-2023,3,28.2,357,0,0,16.69,28,31.6,25.4
28-12-2023,3,24.8,1,0,0,16.75,28.8,30.6,26.6
29-12-2023,3,20.1,358,0,0,16.91,28.9,30.8,26
30-12-2023,3,21.7,353,0,0,16.85,28.8,30.2,26.2
31-12-2023,1,23.1,355,0,0,16.78,28.4,30.4,26.6
01-01-2024,2,26.8,349,0,0,16.82,27.6,29.1,26.2
02-01-2024,0,32.6,347,0,0,16.84,26.3,28.1,24.6
03-01-2024,0,31.4,348,0,0,16.8,25.7,27.3,24.3
04-01-2024,3,29.8,345,0,0,17.35,25.5,26.6,23.9
05-01-2024,3,29.3,352,0,0,17.17,25.1,27.3,23
06-01-2024,3,28,343,0,0,16.79,26.6,28.8,23.6
07-01-2024,2,28.6,1,0,0,15.97,27.6,30.7,24.6
08-01-2024,3,22.7,354,0,0,16.64,28.6,32.8,26.2
09-01-2024,53,22.9,16,0.6,0.6,14.28,28.9,30.8,25.4
10-01-2024,53,18.8,24,1.8,1.8,14.31,28.5,30.8,26.4
11-01-2024,1,26.2,357,0,0,16.54,29.3,31.8,27.5
12-01-2024,3,29.3,359,0,0,17.2,29.6,32.7,27.5
13-01-2024,0,23.1,349,0,0,17.55,29,30.9,27.3
14-01-2024,0,29.7,358,0,0,17.55,26.7,30.1,23.4
15-01-2024,3,31.4,353,0,0,18.18,24.2,26.8,22.7
16-01-2024,3,24.7,344,0,0,18.31,24,25.1,22.4
17-01-2024,1,19.5,348,0,0,17.86,24.5,26,22.8
18-01-2024,3,27.9,347,0,0,17.82,24.2,26,23.3
19-01-2024,0,22.5,340,0,0,18.12,24.9,26.7,23
20-01-2024,2,33.5,351,0,0,17.94,23.7,26.1,21.9
21-01-2024,3,27.7,352,0,0,18.58,24.7,27.2,21.6
22-01-2024,3,28.1,352,0,0,18.37,24,26,21
23-01-2024,3,38,351,0,0,19.2,21.8,24.3,20.2
24-01-2024,3,33.8,359,0,0,19.04,22.3,25.9,19.2
25-01-2024,3,24.4,357,0,0,18.91,24.4,26.8,20.1
26-01-2024,3,25.4,358,0,0,19.04,25,27,21.9
27-01-2024,3,24.5,358,0,0,18.95,25.5,28.2,23
28-01-2024,3,26.5,351,0,0,19,25.9,28.3,24.3
29-01-2024,3,27.8,343,0,0,18.93,25.4,27.3,23.3
30-01-2024,3,27.2,339,0,0,19.04,25.1,27.3,23.2
31-01-2024,3,26,333,0,0,19.14,25.8,27.3,23.9
01-02-2024,51,27.9,339,0.2,0.2,18.21,25,26.9,23.8
02-02-2024,3,32.2,349,0,0,19.43,24.6,26.4,22.8
03-02-2024,3,30.8,1,0,0,19.52,26.8,32.1,23.4
04-02-2024,0,19.1,341,0,0,19.46,27.7,29.1,24.9
05-02-2024,0,25.2,335,0,0,19.57,27.4,28.7,26.1
06-02-2024,0,25.5,339,0,0,19.66,27,28.3,25
07-02-2024,3,37.6,348,0,0,19.99,26,28.8,24.3
08-02-2024,3,33.6,344,0,0,20.24,25.4,27.6,24
09-02-2024,0,32,341,0,0,20.64,24.7,26.1,23.8
10-02-2024,0,34.4,345,0,0,20.78,24.2,25.9,22.6
11-02-2024,3,31.5,342,0,0,20.97,24.3,25.8,22.1
12-02-2024,3,23.8,338,0,0,20.44,25.4,27.8,23.2
13-02-2024,3,31.2,343,0,0,20.33,24.2,26.6,22.5
14-02-2024,3,32,344,0,0,19.36,24.4,27.2,22.6
15-02-2024,1,27.7,339,0,0,21,25.9,28.1,22.7
16-02-2024,0,20.3,323,0,0,20.88,28.3,29.9,26.3
17-02-2024,2,16.6,323,0,0,21.25,28.9,30,27
18-02-2024,0,26.3,339,0,0,21.51,27.9,31.3,26.1
19-02-2024,2,25.9,337,0,0,21.78,27,28.2,25.8
20-02-2024,3,31.2,343,0,0,21.54,26.7,28.7,25.2
21-02-2024,3,25.4,329,0,0,20.61,27.4,29,26.2
22-02-2024,51,29.5,329,0.3,0.3,21.21,26.1,28.3,24
23-02-2024,3,36,349,0,0,21.77,24.6,28.2,22.1
24-02-2024,0,36.9,353,0,0,22.72,23,26.5,21.1
25-02-2024,0,27.5,351,0,0,22.61,25,27.6,20
26-02-2024,3,20.6,300,0,0,21.57,28.6,30.7,24.6
27-02-2024,1,28.3,332,0,0,21.57,28.2,29.3,27.3
28-02-2024,0,26.4,336,0,0,21.89,28.1,30.3,25.6
29-02-2024,2,27.2,328,0,0,22.15,29.6,31.4,28.4
01-03-2024,2,25.9,329,0,0,21.03,28.9,30.2,27.3
02-03-2024,3,27.5,309,0,0,21.24,29,30.7,25.7
03-03-2024,51,30.8,339,0.3,0.3,21.57,24.2,26.3,22
04-03-2024,3,32.3,345,0,0,22.98,22.9,24.9,21.6
05-03-2024,0,36.2,343,0,0,23.35,23.8,25.6,21.7
06-03-2024,3,31.4,337,0,0,23.64,24.7,25.7,23.4
07-03-2024,2,30.3,342,0,0,22.99,26.1,27.8,23.7
08-03-2024,0,39.7,342,0,0,23.15,25.9,28.3,24.4
09-03-2024,1,33.2,336,0,0,23.35,26.5,28.8,25
10-03-2024,0,31.5,331,0,0,23.54,26.5,28.2,24.9
11-03-2024,3,35,339,0,0,23.5,26.9,29,24.7
12-03-2024,3,32.6,334,0,0,23.43,27.5,28.9,26.3
13-03-2024,1,32.2,331,0,0,23.8,27.3,28.6,25.8
14-03-2024,1,33.6,333,0,0,23.76,27,29.2,25.4
15-03-2024,1,26.3,328,0,0,24,26.7,27.9,25
16-03-2024,3,26.6,318,0,0,23.38,27.2,28.9,25.2
17-03-2024,3,24.6,313,0,0,23.52,28.1,29.4,26.2
18-03-2024,3,22.7,291,0,0,23.58,29.4,30.6,27.6
19-03-2024,3,28.6,330,0,0,23.72,28.3,29.9,26.7
20-03-2024,3,36.2,345,0,0,24.86,28.1,33.1,25.7
21-03-2024,3,25.5,312,0,0,24.53,29.9,32.6,26.4
22-03-2024,0,24.6,281,0,0,24.13,30.7,32.2,28.5
23-03-2024,3,27.8,318,0,0,24.09,29.8,30.7,28.2
24-03-2024,3,29.3,326,0,0,23.47,29.8,31.5,28.3
25-03-2024,0,29.5,326,0,0,24.1,29.7,30.6,27.9
26-03-2024,0,32.1,318,0,0,24.48,31,32.9,29.3
27-03-2024,3,29.5,305,0,0,23.79,31.5,33.6,29.6
28-03-2024,3,26.2,315,0,0,22.53,31.7,33,29.6
29-03-2024,1,28.6,319,0,0,23.16,31.2,32.5,29.5
30-03-2024,3,34.9,328,0,0,23.12,30.1,31.6,28.8
31-03-2024,2,35.4,331,0,0,24.27,29.9,31.4,28.4
01-04-2024,3,28.1,327,0,0,24.24,30.2,32.3,29.4
02-04-2024,3,28.6,318,0,0,24.87,30.4,31.7,28.7
03-04-2024,3,29.6,319,0,0,24.75,30.2,31.3,29.1
04-04-2024,3,31.1,324,0,0,24.7,29.9,31,29
05-04-2024,3,34.8,330,0,0,24.79,30.5,33.1,29
06-04-2024,1,39,331,0,0,24.82,30.5,32.8,28.7
07-04-2024,0,30.5,318,0,0,25.12,29.8,33.8,28
08-04-2024,0,26.7,319,0,0,25.29,30.9,32.4,29.2
09-04-2024,3,25.3,306,0,0,25.38,31.3,32.3,30.1
10-04-2024,1,28.7,307,0,0,25.06,31,31.8,29.7
11-04-2024,3,27.2,307,0,0,25.04,31.3,32.6,29.4
12-04-2024,3,26.8,309,0,0,25.31,30.5,31.5,28.7
13-04-2024,3,25.5,313,0,0,25.34,30,30.9,28.8
14-04-2024,2,34.1,325,0,0,25.24,31.2,32,29.8
15-04-2024,2,32.3,323,0,0,25.07,33.2,35,31.9
16-04-2024,3,32.4,331,0,0,23.81,33.9,36,31.4
17-04-2024,1,27.2,205,0,0,24.75,34.1,35.6,32.8
18-04-2024,3,27.1,276,0,0,24.58,34.4,35.8,32.7
19-04-2024,1,34.3,311,0,0,24.93,33.5,34.9,31.4
20-04-2024,2,35.7,323,0,0,23.33,32.3,34.1,30.3
21-04-2024,2,35.2,328,0,0,25.08,31.3,32.8,29.4
22-04-2024,2,35,326,0,0,24.85,31.9,33.7,30.3
23-04-2024,1,33.4,328,0,0,25.46,31.9,33.5,30.2
24-04-2024,1,34.2,317,0,0,25.14,32.6,34.2,30.6
25-04-2024,2,34.7,321,0,0,24.86,31.9,33.5,29.9
26-04-2024,1,31.9,326,0,0,25.33,32.5,33.9,31.6
27-04-2024,2,34.4,330,0,0,25.51,32.9,33.7,31.9
28-04-2024,0,40.6,334,0,0,25.48,32.9,35,30.8
29-04-2024,3,35.9,332,0,0,25.35,32.8,34.6,30
30-04-2024,0,33.3,317,0,0,25.8,32.9,35.6,31.8
01-05-2024,2,27.9,294,0,0,26.13,32.6,34.1,30.7
02-05-2024,0,30.1,293,0,0,26.52,32.2,33.8,30.5
03-05-2024,1,28.5,300,0,0,26.04,32.7,34.1,31
04-05-2024,51,31.7,300,0.1,0.1,25.59,33.4,34.9,31.7
05-05-2024,1,31.4,306,0,0,25.76,33.9,35.7,31.6
06-05-2024,1,27.3,296,0,0,25.69,33.4,34.5,31.9
07-05-2024,2,28.6,279,0,0,25.48,33.5,35.4,32.1
08-05-2024,1,34.5,284,0,0,25.03,33.5,34.5,31.7
09-05-2024,1,30,299,0,0,25.08,34.2,35,32.8
10-05-2024,1,27.4,305,0,0,25.33,33.7,34.9,32.6
11-05-2024,1,32.1,317,0,0,25.15,33.8,35.3,31.9
12-05-2024,3,34.4,321,0,0,23.7,33.7,35.3,31.8
13-05-2024,3,35.2,334,0,0,24.77,33.7,36,31.8
14-05-2024,1,32.4,317,0,0,25.4,34.5,36,33
15-05-2024,1,30.1,306,0,0,25.83,35.6,36.9,33.4
16-05-2024,3,22.1,227,0,0,24.09,36.2,39,32.4
17-05-2024,3,25,264,0,0,25.54,36.2,37.6,34.6
18-05-2024,1,23,263,0,0,25.41,36.8,37.8,35.2
19-05-2024,61,29.3,243,1.5,1.5,25.02,35.6,37.8,32.8
20-05-2024,3,27.7,256,0,0,24.86,35.9,37.4,34.3
21-05-2024,3,32.2,267,0,0,23.38,36.3,37.9,34.1
22-05-2024,3,27.3,284,0,0,23.26,36.5,38.6,34.8
23-05-2024,3,36.5,272,0,0,25.2,35.9,37.1,33.2
24-05-2024,3,25.3,266,0,0,25.24,35.6,37.2,34.3
25-05-2024,51,25.2,269,0.3,0.3,24.25,34.6,36.3,33.4
26-05-2024,3,27.6,278,0,0,22.08,34.2,34.9,33.3
27-05-2024,3,28.6,265,0,0,13.69,33.9,34.7,33.1
28-05-2024,3,29.5,253,0,0,24.18,33.9,35.1,32.4
29-05-2024,3,28,250,0,0,23.29,33.8,34.4,32.7
30-05-2024,51,22.5,256,0.9,0.9,25.08,35.2,36.4,33.4
31-05-2024,53,24.9,278,1.2,1.2,24.39,35.7,37.5,34.7
01-06-2024,51,22.1,260,0.2,0.2,24.92,35.4,36.8,34.4
02-06-2024,51,21.4,264,0.1,0.1,24.8,35.7,36.8,34.5
03-06-2024,3,20.2,275,0,0,21.75,36.4,37.3,35.4
04-06-2024,53,22.5,191,2.4,2.4,18.87,34.2,36.7,32.4
05-06-2024,55,21,196,2.6,2.6,22.14,34.6,36.6,30.8
06-06-2024,61,21.9,280,3,3,22.45,34.6,36.2,31.1
07-06-2024,63,22.9,287,13.2,13.2,15.11,34.5,36.2,32.7
08-06-2024,63,31.8,307,4.7,4.7,22.25,33.6,35.9,30.3
09-06-2024,63,26.7,284,34.5,34.5,11.58,33.7,35.3,31.2
10-06-2024,63,15.9,235,22.9,22.9,7.68,32.6,33.9,30.7
11-06-2024,65,22,239,14.3,14.3,17.52,32.9,35.1,31.1
12-06-2024,63,25.1,221,10.3,10.3,15.78,32.3,33.3,30.5
13-06-2024,63,23.5,226,25.8,25.8,16.48,31.8,33.5,30.8
14-06-2024,63,26.6,207,11.2,11.2,17.95,31.1,33,30
15-06-2024,61,28.5,189,7.6,7.6,19.69,31.2,32.9,29.2
16-06-2024,53,20.5,216,2.4,2.4,21.43,33.5,35.4,31.5
17-06-2024,63,26,202,11,11,17.61,32.4,33.7,31.1
18-06-2024,65,34.2,218,42.1,42.1,15.97,31.1,32.2,29.9
19-06-2024,65,32.7,221,51.2,51.2,11.22,31.1,33.1,30.1
20-06-2024,65,36.1,213,41.6,41.6,11.18,31.4,33.9,29
21-06-2024,63,30.7,216,16.5,16.5,19.97,31.6,34.6,29.2
22-06-2024,55,28.1,205,4.1,4.1,21.98,31.6,33.9,28.5
23-06-2024,61,27.7,210,9.1,9.1,18.14,32.4,33.3,31.3
24-06-2024,63,24.8,194,15.2,15.2,18.48,32.4,33.6,31
25-06-2024,61,48.1,190,10.5,10.5,19.49,31.3,33.5,29
26-06-2024,63,43.4,211,27.5,27.5,16.06,30.7,31.6,29.4
27-06-2024,65,44.3,213,135.6,135.6,13.04,29.4,30.8,28.1
28-06-2024,63,44.1,205,33,33,10.79,29.5,30.4,28.5
29-06-2024,61,39.5,202,18.5,18.5,19.05,30.5,32,28.8
30-06-2024,63,49.3,217,28.9,28.9,12.65,30.4,32.4,28.8
01-07-2024,61,52.1,225,10.3,10.3,17.61,29.1,30.7,27.2
02-07-2024,55,50.8,234,2.8,2.8,13.2,30.7,32.1,27.1
03-07-2024,53,44.1,227,7.1,7.1,20.17,31.1,32.3,28.6
04-07-2024,61,37.7,224,14.6,14.6,12.97,30.5,32.1,28.8
05-07-2024,63,41.5,227,21.9,21.9,13.64,29.7,31,27.6
06-07-2024,61,42.1,232,15.9,15.9,10.36,30.4,31.9,29
07-07-2024,61,36.3,227,13.5,13.5,11.45,30.8,32.8,29.4
08-07-2024,63,22.6,222,42.8,42.8,11.91,31.5,32.8,30.5
09-07-2024,65,36.2,224,52.7,52.7,6.49,30.1,31.4,28.8
10-07-2024,61,32.8,209,11.6,11.6,18.25,29.9,31.1,28.2
11-07-2024,65,34.2,239,76.6,76.6,12.71,30.3,31.6,28.7
12-07-2024,63,35.2,248,93.8,93.8,3.56,29.3,30.4,27.9
13-07-2024,63,43.9,245,69.3,69.3,6.32,28.6,29.8,27.3
14-07-2024,65,40.6,260,77.3,77.3,4.24,29.3,32.2,27.3
15-07-2024,61,24.9,246,8,8,15.93,31,32.1,29.3
16-07-2024,63,35.7,221,15.7,15.7,15.81,30.1,32.1,28.5
17-07-2024,65,36,234,63.9,63.9,9.17,29.2,30,28.6
18-07-2024,63,40.8,239,54.5,54.5,11.04,28.8,30.4,27.5
19-07-2024,65,43.3,238,51.3,51.3,6.47,28.7,30.7,27.4
20-07-2024,65,43,231,103.8,103.8,6.27,28.1,29.1,27.5
21-07-2024,63,42.8,239,61.8,61.8,5.34,28.4,29.3,27.2
22-07-2024,65,48.1,238,61.8,61.8,4.99,27.7,28.8,26.6
23-07-2024,63,47.2,244,46.9,46.9,4.68,27.3,28.5,26.1
24-07-2024,63,53.7,249,40.9,40.9,5.74,27.1,28.2,26.1
25-07-2024,65,52.1,260,67.3,67.3,4.57,27.7,29.7,25.3
26-07-2024,63,44.2,255,18.9,18.9,8.76,29.1,31.2,27.9
27-07-2024,53,43.3,256,5.6,5.6,13.33,28.6,29.1,27.8
28-07-2024,61,42.2,256,16.3,16.3,13.11,28.8,29.9,27
29-07-2024,63,41.4,246,28.5,28.5,9.3,28.7,30.4,27.5
30-07-2024,63,36.7,240,28.3,28.3,15.72,29.3,31,27.9
31-07-2024,61,42.3,245,12.1,12.1,11.4,29.8,31.2,27.7
01-08-2024,63,40.7,244,16.3,16.3,17.5,28.7,31,26.6
02-08-2024,63,45.4,239,17.7,17.7,15.68,27.5,29.4,25.6
03-08-2024,63,46.3,246,23.9,23.9,10.61,27.5,28.8,26.3
04-08-2024,63,44.4,239,34.2,34.2,7.13,28,28.8,26.9
05-08-2024,53,35.1,228,4.1,4.1,17.49,29.3,30,28.5
06-08-2024,53,30,240,3.4,3.4,19.38,30,31.2,29.1
07-08-2024,61,27.7,252,6.2,6.2,18.54,30.1,31.1,29.1
08-08-2024,55,26.4,245,5.8,5.8,18.72,30,31.4,28.6
09-08-2024,63,28.4,251,14.7,14.7,7.88,30,31.2,28.4
10-08-2024,53,27.9,260,2.4,2.4,17.1,30.4,31.6,29.6
11-08-2024,51,27.9,251,2.8,2.8,20.71,30.3,31.1,29.2
12-08-2024,53,27.3,249,3.4,3.4,20.44,30.8,31.6,29.6
13-08-2024,51,20.9,266,1.1,1.1,20.4,31.7,32.8,30.7
14-08-2024,51,21.8,298,0.6,0.6,21.68,31.9,33.2,30.9
15-08-2024,51,23.1,291,0.2,0.2,21.54,32.4,32.9,31.2
16-08-2024,51,21,267,0.7,0.7,23.2,32.5,33.7,31.8
17-08-2024,51,18.7,306,0.5,0.5,22.18,33,34.1,32.3
18-08-2024,61,19.2,326,4.3,4.3,12.05,32.9,33.7,31.6
19-08-2024,63,24.7,7,13.4,13.4,14.36,32.1,33.5,30.9
20-08-2024,63,19.1,348,21.8,21.8,11.7,31.8,33.3,29.3
21-08-2024,3,23.7,339,0,0,20.96,32.8,34.6,31.6
22-08-2024,53,28.5,193,2.8,2.8,20.13,32.3,34,30.1
23-08-2024,63,28.7,197,45.8,45.8,10.16,31.4,33,29.8
24-08-2024,63,43.5,263,60.8,60.8,3.91,28.8,30.4,25.5
25-08-2024,63,46.8,259,32.4,32.4,10.4,27.8,29.1,26.5
26-08-2024,63,46.1,244,21,21,6.08,27.4,28.8,26.2
27-08-2024,61,45.6,218,16.6,16.6,16.95,27.6,29.1,26
28-08-2024,63,48.4,229,16.1,16.1,18.73,28.4,29.6,26.5
29-08-2024,61,37,222,11.3,11.3,19.04,29.6,30.8,28.2
30-08-2024,53,27.2,222,6.1,6.1,20.51,30.4,31.4,29.4
31-08-2024,51,19.1,263,2.6,2.6,18.05,31.6,32.7,30
01-09-2024,53,24.6,291,5.4,5.4,9.66,30.8,31.8,29.9
02-09-2024,63,32.7,292,39,39,5.19,29.9,31.3,28.7
03-09-2024,61,24.8,256,13.5,13.5,10.59,29.9,30.8,28.8
04-09-2024,63,28.4,258,21.3,21.3,16.44,29.7,30.8,28.5
05-09-2024,63,32.6,264,26,26,17.11,29.5,30.4,27.7
06-09-2024,61,28.4,267,12.8,12.8,17.29,30.1,31.1,28.4
07-09-2024,55,24.5,241,8.9,8.9,18.08,30.3,31.1,29.1
08-09-2024,55,21.6,243,5.7,5.7,18.69,30.7,31.7,29.4
09-09-2024,55,22.6,249,5.2,5.2,21.51,31,32.5,30
10-09-2024,63,24.3,241,14.2,14.2,14.32,30.4,31.2,29.4
11-09-2024,61,26.9,225,11.1,11.1,19.27,29.7,31.3,28
12-09-2024,63,26.2,228,10.1,10.1,19.46,30,31,28.4
13-09-2024,55,27,229,6.4,6.4,20.05,29.6,30.9,27.5
14-09-2024,61,27,226,11.4,11.4,17.21,28.8,30.2,27.3
15-09-2024,63,17.6,224,9.4,9.4,18.69,30.2,32.5,27.3
16-09-2024,53,19.5,245,2,2,21.61,30.8,31.9,29.5
17-09-2024,61,20.7,322,2.8,2.8,23.04,31.1,32.8,29.1
18-09-2024,51,18.6,237,0.2,0.2,22.37,32,33.1,30.7
19-09-2024,51,16.3,243,0.6,0.6,22.05,32.4,33.3,31.5
20-09-2024,63,24.6,223,5.7,5.7,13.49,31.7,33.8,27
21-09-2024,53,20.9,313,2,2,19.12,32.3,33.5,31.3
22-09-2024,53,27.3,331,2,2,19.59,31.8,32.6,30.5
23-09-2024,63,28.9,334,23.2,23.2,15.39,31.7,32.9,30.4
24-09-2024,63,33.7,338,21.5,21.5,15.88,30.7,31.6,29.6
25-09-2024,63,36.4,318,33.7,33.7,6.37,30.5,31.4,28.4
26-09-2024,65,39.7,248,106.4,106.4,3.72,29.9,32.6,27.3
27-09-2024,63,42.5,251,31.8,31.8,6.4,28.5,30.3,26.6
28-09-2024,55,23.9,235,7.9,7.9,16.67,30.6,31.4,29.9
29-09-2024,51,20.3,254,1.6,1.6,19.49,32.2,34,30.6
30-09-2024,51,24.3,328,1.1,1.1,20.97,33,34.1,32
01-10-2024,51,21.7,328,0.4,0.4,21.08,34.1,35.5,32.5
02-10-2024,61,18.4,217,2.8,2.8,17.61,34.2,35.8,33.2
03-10-2024,51,21.6,269,1.3,1.3,21.18,33.5,34.1,32.5
04-10-2024,51,17.8,291,1.4,1.4,20.54,32.9,34.2,31.6
05-10-2024,51,17.7,337,0.2,0.2,20.9,32.3,33.4,30.6
06-10-2024,61,30.3,12,2,2,20.83,32,34,30.1
07-10-2024,3,23.2,283,0,0,21.04,34.6,35.8,31.7
08-10-2024,3,22.3,277,0,0,20.82,35,36.6,32.5
09-10-2024,63,22.1,56,7.9,7.9,6.42,31.7,34.6,28.8
10-10-2024,65,24,54,11.2,11.2,13.14,31.9,34.8,30.2
11-10-2024,63,25.8,130,13.2,13.2,16.5,32.5,35.3,29.3
12-10-2024,61,22.6,186,1.9,1.9,18.74,33.2,35.9,30.7
13-10-2024,63,25.7,127,8.8,8.8,18.8,32.6,34.7,28.6
14-10-2024,61,24,15,2.2,2.2,19.85,32.4,35.3,30
15-10-2024,65,22.5,163,10.8,10.8,15.84,32.3,34.6,29.5
16-10-2024,53,20.7,28,1.6,1.6,13.05,33.4,35,31
17-10-2024,61,23.4,5,7.9,7.9,8.3,33.1,35.3,31.2
18-10-2024,63,21.9,131,19.1,19.1,14.71,32.1,34.9,28.5
19-10-2024,63,21.8,126,6.8,6.8,17.39,32,33.9,29.6
20-10-2024,63,16.9,97,14.5,14.5,17.97,32.1,34.2,30.1
21-10-2024,63,20.2,184,9.6,9.6,18.51,32.5,34.7,29.5
22-10-2024,61,20.4,29,2.5,2.5,18.5,32.5,33.7,29.6
23-10-2024,1,24.9,357,0,0,19.67,33.4,35.7,31.3
24-10-2024,3,27.7,9,0,0,19.03,33.2,36.6,31.2
25-10-2024,3,24,347,0,0,20.21,32.4,34.6,29.4
26-10-2024,3,30.3,358,0,0,20.25,31.6,34.1,29
27-10-2024,3,24.6,341,0,0,19.94,32.8,34.5,29.8
28-10-2024,3,19.3,319,0,0,19.31,34.2,35.5,30.9
29-10-2024,53,21.2,280,0.5,0.5,18.69,34.1,35.1,32.5
30-10-2024,3,22.4,1,0,0,18.67,34.2,36,32.6
31-10-2024,3,23.5,308,0,0,18.59,34.1,36.1,32.9
01-11-2024,2,23.4,259,0,0,18,34.6,35.2,33.7
02-11-2024,3,30.2,358,0,0,18.78,33.2,36.3,31.6
03-11-2024,0,24.7,3,0,0,19.48,32.2,35.6,30.2
04-11-2024,1,28.1,2,0,0,19.27,32.4,35.9,29.7
05-11-2024,1,26.8,22,0,0,19.32,32.5,36.2,29.6
06-11-2024,1,31,357,0,0,19.29,31.4,34.4,28.8
07-11-2024,0,27.1,4,0,0,19.27,30.9,34.6,27.8
08-11-2024,0,25.4,358,0,0,19.08,31.2,35,28.4
09-11-2024,0,33.2,10,0,0,18.96,31.1,33.7,28.2
10-11-2024,2,26.4,9,0,0,18.1,30.4,34.3,27.7
11-11-2024,0,33.1,16,0,0,19,29.9,33.4,27.3
12-11-2024,2,24.9,13,0,0,18.89,29.7,33.2,26.6
13-11-2024,1,26.7,24,0,0,18.68,30.4,35.2,26.2
14-11-2024,3,23.9,22,0,0,18.75,31.3,36.3,27.5
15-11-2024,3,18.5,335,0,0,17.26,32.9,34.3,30
16-11-2024,2,24.2,351,0,0,17.34,32.1,33.8,30.4
17-11-2024,0,24.7,29,0,0,17.72,32.3,37,28.7
18-11-2024,0,27.7,33,0,0,18.35,30.2,34.4,27.5
19-11-2024,0,28,39,0,0,18.55,28.4,31.7,25.3
20-11-2024,0,29.9,38,0,0,18.41,27.8,31.9,24.8
21-11-2024,3,24.1,19,0,0,18.4,28.1,31.9,24.9
22-11-2024,3,24.9,9,0,0,18.25,28.6,31.8,24.8
23-11-2024,3,19.5,20,0,0,17.97,28.4,30.2,25
24-11-2024,3,24.3,10,0,0,17.82,28.9,32.4,25.1
25-11-2024,3,26.7,38,0,0,17.96,27.4,31.2,24.5
26-11-2024,3,31.1,24,0,0,17.92,26.7,31,24.2
27-11-2024,1,30.9,29,0,0,18.23,26.3,29.8,22.9
28-11-2024,3,31.7,40,0,0,17.99,26,30,22.8
29-11-2024,3,31.2,12,0,0,18.04,24.8,28,21.9
30-11-2024,3,24.2,9,0,0,17.91,25.6,27.9,22.1
01-12-2024,3,25.4,358,0,0,16.89,27.2,30,22.9
02-12-2024,3,29.7,359,0,0,15.88,29.4,32.3,26.1
03-12-2024,3,28.8,2,0,0,15.72,30.4,33,29
04-12-2024,51,24.4,330,0.1,0.1,15.28,31.8,35,29.9
05-12-2024,1,20,353,0,0,15.93,32.1,34,31.2
06-12-2024,3,24,341,0,0,16.3,30.8,32.4,28.9
07-12-2024,3,30.9,344,0,0,16.77,28,29.6,24.6
08-12-2024,3,31.1,355,0,0,17.13,25.2,27.2,23
09-12-2024,3,30.1,5,0,0,17.02,23.3,25.8,20.3
10-12-2024,3,24.5,356,0,0,16.79,26,28.5,22.5
11-12-2024,3,22.8,15,0,0,16.71,28.1,32.4,24.4
12-12-2024,3,27.5,1,0,0,16.89,26.5,28.9,24.6
13-12-2024,3,30.4,21,0,0,17.11,26.2,30.6,23.2
14-12-2024,3,26.4,42,0,0,17.16,26.1,31.1,21.9
15-12-2024,3,22.7,30,0,0,17.13,25.9,30,21.3
16-12-2024,0,22.9,16,0,0,17.54,25.2,28.1,21.5
17-12-2024,3,24.6,2,0,0,17.4,24.8,26.7,21.3
18-12-2024,3,21.8,5,0,0,17.26,26,28.7,21.2
19-12-2024,3,24.6,344,0,0,17.04,26,27.8,22.3
20-12-2024,2,23.8,334,0,0,16.43,26.1,27.5,24.6
21-12-2024,3,17,262,0,0,16.36,26.8,28.9,25.5
22-12-2024,51,17.8,341,1,1,15.54,26.5,28.3,24.6
23-12-2024,51,29.1,349,0.5,0.5,14.82,24.9,26.3,23.7
24-12-2024,3,34.1,348,0,0,15.29,23.6,24.9,22.9
25-12-2024,3,31.2,344,0,0,16.3,24.4,25.9,22.6
26-12-2024,1,27,340,0,0,15.58,26.2,26.8,25.4
27-12-2024,1,29.5,345,0,0,15.87,25.9,26.8,24.5
28-12-2024,51,27.4,351,0.3,0.3,14.84,26.2,28.4,25.2
29-12-2024,3,25.1,348,0,0,15.89,27.1,28.2,25.4
30-12-2024,0,26.2,347,0,0,16.43,28.3,30.3,26.7
31-12-2024,0,24.4,356,0,0,16.62,28.6,30.7,27.3
01-01-2025,3,26.8,349,0,0,16.75,27.9,29.7,26.1
02-01-2025,3,26.2,4,0,0,17.14,27.6,29.9,25.4
03-01-2025,3,27.2,38,0,0,17.43,27.1,31.6,24
04-01-2025,3,18.1,352,0,0,17.63,26.6,29.2,22.8
05-01-2025,3,30.5,344,0,0,14.99,25.5,27.4,24.5
06-01-2025,0,36.2,350,0,0,17.37,22.6,24.9,21.1
07-01-2025,2,27.5,358,0,0,17.36,24.6,27.5,20.9
08-01-2025,3,25,11,0,0,17.39,25.5,28,23.3
09-01-2025,3,20.7,18,0,0,17.45,26,29.3,22.5
10-01-2025,3,19.9,355,0,0,17.37,26.3,29.5,23
11-01-2025,3,29.1,345,0,0,17,25,26.2,23.7
12-01-2025,0,28.3,347,0,0,17.4,24.7,26,22.8
13-01-2025,0,26.1,359,0,0,17.31,26.8,31.1,23.9
14-01-2025,3,24,353,0,0,17.27,27.4,30.1,25.3
15-01-2025,3,31.6,343,0,0,17.17,26.2,28.2,23.8
16-01-2025,3,34.7,348,0,0,17.47,24.6,26.1,22.6
17-01-2025,0,31.7,2,0,0,17.27,27.1,30.7,25.2
18-01-2025,0,28.1,22,0,0,18.21,27.3,32.3,24.6
19-01-2025,0,27.5,359,0,0,18.17,26.9,29.7,24.3
20-01-2025,2,23,351,0,0,18.26,27,29.3,23.8
21-01-2025,0,23.7,338,0,0,18.33,26.6,27.6,25
22-01-2025,0,31.4,343,0,0,18.41,26,27.6,24.5
23-01-2025,3,36.5,347,0,0,18.45,23.7,24.5,22.6
24-01-2025,3,21.9,344,0,0,18.42,26.7,29.3,23
25-01-2025,2,21.4,349,0,0,18.67,28,29.5,26.2
26-01-2025,2,21.6,336,0,0,18.83,28,29.3,26.4
27-01-2025,3,27.3,334,0,0,18.72,27,28,26.3
28-01-2025,3,23.6,331,0,0,18.7,27.2,28.5,26
29-01-2025,3,24.7,337,0,0,19.25,26.2,27.2,25.4
30-01-2025,3,25.1,338,0,0,19.16,25.8,26.8,24.2
31-01-2025,3,29.1,339,0,0,19.47,25.3,26.9,23.8
01-02-2025,3,33.2,344,0,0,19.17,24.2,26.9,22.6
02-02-2025,3,29.4,341,0,0,19.11,24.5,25.5,22.5
03-02-2025,3,30.8,340,0,0,19.35,25,25.8,24.1
04-02-2025,3,32.4,339,0,0,19.49,24.4,26.3,21.3
05-02-2025,3,38.4,345,0,0,19.96,22.5,24.6,20.3
06-02-2025,0,25.2,338,0,0,19.82,25.6,29,21.7
07-02-2025,0,19.1,326,0,0,19.87,28.2,29.7,25.8
08-02-2025,0,24.7,336,0,0,19.9,27.7,29.4,26.2
09-02-2025,1,28.2,332,0,0,20.07,27.2,28.5,26.5
10-02-2025,2,28.4,333,0,0,20.27,27,28.4,25.8
11-02-2025,0,30.1,336,0,0,20.69,25.9,27.2,24.7
12-02-2025,0,31,341,0,0,21.21,25.6,27.9,22.9
13-02-2025,0,31.9,347,0,0,21.2,25.8,27.5,22.9
14-02-2025,0,36.4,349,0,0,21.05,26.3,28.2,24.2
15-02-2025,0,32.8,340,0,0,21.46,26.6,28.2,25.4
16-02-2025,0,30,338,0,0,21.54,26.9,28.8,25
17-02-2025,0,29.7,335,0,0,21.32,27,28.4,26.1
18-02-2025,0,31.5,343,0,0,21.51,27.3,28.7,25.4
19-02-2025,3,29.2,335,0,0,21.47,27.1,28.1,26.3
20-02-2025,1,35.5,349,0,0,21.49,26.8,29.3,25.5
21-02-2025,0,35.4,354,0,0,21.54,27.3,30.8,25.2
22-02-2025,0,32.4,345,0,0,21.69,27.5,28.8,26
23-02-2025,0,27.9,343,0,0,21.99,28,29.8,26.1
24-02-2025,3,30.1,348,0,0,22.04,28.2,31.3,25.7
25-02-2025,3,27.8,345,0,0,21.92,29.7,32.4,26.1
26-02-2025,0,22.3,331,0,0,22.08,30,32.6,27.3
27-02-2025,1,22.4,328,0,0,22.05,30.4,32.6,27.4
28-02-2025,3,26.7,332,0,0,22,29.7,31.3,27.5
01-03-2025,3,32.8,337,0,0,22.12,28.7,30.1,27.5
02-03-2025,3,31.9,339,0,0,22.44,28.5,31.7,26.1
03-03-2025,3,33.8,340,0,0,21.35,28.5,31.2,26.9
04-03-2025,3,37.8,342,0,0,22.42,28.1,31,26.5
05-03-2025,0,34.9,343,0,0,23.34,27.4,30.2,24.9
06-03-2025,0,30.1,347,0,0,23.9,27.1,28.6,24.1
07-03-2025,0,29.1,335,0,0,23.6,28.1,30.9,24.9
08-03-2025,2,24,322,0,0,23.52,29.3,32.2,26.1
09-03-2025,2,28,332,0,0,23.27,30,32.1,28.2
10-03-2025,0,25.9,324,0,0,23.3,31.4,33.3,27.8
11-03-2025,0,22.5,312,0,0,23.12,32.2,33.2,29.7
12-03-2025,0,25.4,312,0,0,23.36,32.2,34.4,29.5
13-03-2025,1,24.2,293,0,0,23.36,32.2,34.3,30.6
14-03-2025,1,25.9,314,0,0,23.49,31.9,33.3,29.1
15-03-2025,3,30.6,327,0,0,23,30.6,32,28.9
16-03-2025,3,31.1,334,0,0,22.87,30.2,31.8,29
17-03-2025,3,33,329,0,0,23.35,30,31.4,28.5
18-03-2025,0,31.4,323,0,0,23.86,30.1,31.7,28.3
19-03-2025,0,31.8,330,0,0,23.94,29.6,31,27.7
20-03-2025,0,30.9,328,0,0,23.92,29.2,30.9,27.5
21-03-2025,0,32.9,326,0,0,23.86,29.1,30.5,27.5
22-03-2025,0,29.6,313,0,0,24.51,30.4,32.6,28.3
23-03-2025,0,28.9,278,0,0,23.82,32,33.9,30
24-03-2025,1,32.9,303,0,0,23.4,31.7,33.2,29.9
25-03-2025,0,27.5,302,0,0,24.23,31.9,33.7,30.5
26-03-2025,1,28.2,308,0,0,24.18,31,32.3,29.2
27-03-2025,1,28.8,326,0,0,23.35,29.9,31.1,28.2
28-03-2025,0,33.8,332,0,0,23.95,30.2,32.3,29.1
29-03-2025,3,32.4,329,0,0,24.37,30.2,33.2,27.2
30-03-2025,3,30.7,315,0,0,23.22,31.8,33.3,30.1
31-03-2025,3,26.9,290,0,0,23.75,32.4,34.5,30.7
01-04-2025,3,28.4,334,0,0,21.06,32.2,34.3,29.5
02-04-2025,2,19.8,222,0,0,23.88,33.1,35.2,31.6
03-04-2025,2,20.7,227,0,0,22.36,33.6,34.7,32.2
04-04-2025,51,28.8,313,0.4,0.4,23.41,32.4,33.9,30.9
05-04-2025,1,29.6,309,0,0,24.29,32.5,35,30.8
06-04-2025,1,29.4,259,0,0,24.33,33.5,35.3,31.9
07-04-2025,3,29.3,317,0,0,24.16,33,34.6,31.8
08-04-2025,1,30.9,311,0,0,24.27,33.6,34.7,32
09-04-2025,3,30.2,209,0,0,24.8,33.3,36.1,31.2
10-04-2025,2,22.8,207,0,0,21.66,33.1,35.3,31.8
11-04-2025,1,26.6,217,0,0,25.2,32.3,33.1,31.3
12-04-2025,1,22.9,240,0,0,24.05,33.1,34,32.4
13-04-2025,1,29.7,324,0,0,24.62,32.4,33.8,31.1
14-04-2025,0,38.4,324,0,0,25.81,31.8,33.5,30.1
15-04-2025,0,35.2,314,0,0,25.37,32.8,34.6,30.4
16-04-2025,1,31.3,287,0,0,25.28,33.1,34.6,31.3
17-04-2025,2,30.6,276,0,0,25.07,33,33.9,31.3
18-04-2025,1,28.3,269,0,0,25.02,33.1,34.6,31.3
19-04-2025,1,27.6,277,0,0,25.03,33,34.4,31.4
20-04-2025,1,26.3,296,0,0,25.51,32.7,34,31.9
21-04-2025,0,28.8,318,0,0,25.14,32.9,34.3,31.8
22-04-2025,0,31.4,285,0,0,25.32,33.6,35.8,32.1
23-04-2025,0,33,258,0,0,25.57,34.2,35.5,32.2
24-04-2025,1,27.2,246,0,0,25.46,33.8,35.3,32.1
25-04-2025,1,27.8,286,0,0,25.19,33.6,34.9,31.5
26-04-2025,2,26.7,287,0,0,22.38,33.4,34.5,31.8
27-04-2025,3,28.8,276,0,0,25.85,33.4,35.1,31.6
28-04-2025,1,29.5,259,0,0,25.53,33.6,35.7,31.5
29-04-2025,2,25.2,240,0,0,25.51,33.8,35.2,32.4
30-04-2025,1,28.9,275,0,0,25.03,33.9,35.2,32.2
01-05-2025,1,39.3,288,0,0,25.5,34.6,35.7,31
02-05-2025,2,31.1,293,0,0,25.98,33.8,35.2,31.6
03-05-2025,0,26.1,241,0,0,25.96,33.7,34.9,32.8
04-05-2025,1,22.7,260,0,0,25.05,33.8,34.6,32.6
05-05-2025,51,31.1,259,0.2,0.2,25.36,33.6,35.4,28.1
06-05-2025,51,24.7,237,0.6,0.6,24.54,33,34.8,29.4
07-05-2025,63,30.3,225,10.8,10.8,21,30.2,34.6,25.8
08-05-2025,55,27.2,200,5.4,5.4,22.41,30.2,32.9,27.1
09-05-2025,51,30.4,199,1.3,1.3,22.19,31.4,33.1,28.7
10-05-2025,51,22.2,223,0.1,0.1,24.56,33.5,34.8,31.2
11-05-2025,51,20,259,0.2,0.2,24.5,34,35.1,31.7
12-05-2025,51,21.1,283,0.3,0.3,23.94,34.6,35.5,33.7
13-05-2025,51,22.3,302,0.9,0.9,24.46,34.9,35.8,33.5
14-05-2025,51,21.3,307,0.2,0.2,24.69,34.1,35.3,31.7
15-05-2025,51,22.7,284,0.3,0.3,23.36,35,36,33.9
16-05-2025,51,20.9,237,0.2,0.2,22.54,34.7,35.7,33.9
17-05-2025,51,19.3,246,0.3,0.3,21.93,34.6,35.3,33.3
18-05-2025,3,22.4,277,0,0,23.2,34.9,35.8,33.3
19-05-2025,3,30.2,306,0,0,17.6,34.3,35.9,32.9
20-05-2025,55,21.8,320,8.7,8.7,17.62,35,36.4,32.3
21-05-2025,51,25.2,285,0.2,0.2,12.52,34,35.8,31.4
22-05-2025,63,33.9,324,5.9,5.9,16.25,33.1,35.2,31.7
23-05-2025,53,24.9,342,2.6,2.6,15.89,35.1,37.1,32.9
24-05-2025,63,31.9,330,7.8,7.8,17.12,33.5,35.5,29.7
25-05-2025,63,28.7,331,41.8,41.8,5.97,31.9,35.3,28.3
26-05-2025,65,52,340,67.5,67.5,3.68,31.7,34.8,27.1
27-05-2025,63,23.9,261,21.2,21.2,10.84,33.1,34.7,31.5
28-05-2025,61,21.3,212,6.7,6.7,13.2,32.4,34.7,29.3
29-05-2025,53,36.8,262,3.2,3.2,22.54,34.2,36.3,32.1
30-05-2025,53,33.9,249,1.6,1.6,23.23,33.1,34.8,31.6
31-05-2025,53,33.2,223,3.2,3.2,22.63,32.4,34.3,28.7
01-06-2025,61,33.1,204,9.3,9.3,20.59,30.7,33,28.6
02-06-2025,61,35.9,200,9,9,22.2,31.1,33.3,27.4
03-06-2025,61,41.7,190,8.8,8.8,21.27,30.5,33,27.6
04-06-2025,61,29.5,187,3.5,3.5,23.32,31.9,33.8,28.5
05-06-2025,51,20.8,208,0.3,0.3,22.22,33.6,35.2,30.6
06-06-2025,63,16.5,285,6.5,6.5,22.7,33.8,34.7,31.9
07-06-2025,51,16.6,261,1.3,1.3,19.92,33,33.9,31.2
08-06-2025,55,24.5,289,5.5,5.5,22.19,33.6,34.5,32.6
09-06-2025,51,32.7,296,0.3,0.3,23.19,33.2,33.9,31.9
10-06-2025,51,29.7,300,0.2,0.2,22.39,33.4,34,32.3
11-06-2025,51,34.8,304,0.6,0.6,20.64,33.6,35,32.1
12-06-2025,63,38.7,310,10.2,10.2,16.7,33.1,35.2,31.7
13-06-2025,65,35,352,59.8,59.8,13.73,31.8,33.3,30.1
14-06-2025,65,27.4,287,55,55,14.18,32.7,34.9,29.9
15-06-2025,65,46.8,220,71,71,8.72,31.2,34.3,27.6
16-06-2025,65,53.3,246,73.7,73.7,2.91,28.5,31.5,26.4
17-06-2025,65,47.4,230,39.2,39.2,18.38,28.9,30.6,26.3
18-06-2025,65,50.2,253,97.5,97.5,14.09,28.9,30.9,26.7
19-06-2025,65,48.2,245,53.6,53.6,5.98,29.7,31.8,26.7
20-06-2025,63,38.6,225,16.5,16.5,18.71,30.4,31.9,28.4
21-06-2025,61,38.9,234,14.2,14.2,18.65,30.7,31.9,28.3
22-06-2025,63,44.5,234,22.7,22.7,19.1,29.8,31.3,27.9
23-06-2025,65,44.2,246,47.9,47.9,14.49,28.8,31.2,27.7
24-06-2025,63,47.6,241,32.4,32.4,11.05,29.8,32.2,28.2
25-06-2025,63,46.9,243,12.9,12.9,19.35,30,31.3,28.8
26-06-2025,63,40.2,233,23.1,23.1,10.3,29.7,31.6,28.4
27-06-2025,63,41.4,228,14.8,14.8,17.64,29.2,30.9,27.5
28-06-2025,63,46.6,231,20.8,20.8,20.4,28.6,30.1,27
29-06-2025,61,41.5,232,12.2,12.2,12.55,29.1,30.6,26.9
30-06-2025,63,41.1,247,27,27,19.03,28.9,30.3,27.6
01-07-2025,63,38.9,243,32.7,32.7,12.62,29.5,31.5,26.9
02-07-2025,63,38.8,244,41.6,41.6,9.98,28.7,30,27.3
03-07-2025,63,41.9,230,24.6,24.6,17.55,28.6,30.5,26
04-07-2025,63,44.1,231,25.1,25.1,16.69,28.6,30.6,27.1
05-07-2025,63,46.1,244,23.5,23.5,12.89,28.4,29.8,26.8
06-07-2025,63,49.7,243,22.5,22.5,12.36,28.3,30.1,26.6
07-07-2025,51,40.1,244,2.6,2.6,14.81,29.3,30.2,27.9
08-07-2025,53,39.8,246,4.8,4.8,13.38,29.2,29.9,28.5
09-07-2025,63,37.8,245,15.8,15.8,12.23,29.9,31.7,28.3
10-07-2025,53,28.7,236,6.6,6.6,17.33,30.8,32.8,29
11-07-2025,55,31.3,243,8.2,8.2,15.99,30.5,31.6,29
12-07-2025,61,29.6,252,7.1,7.1,22.13,30.6,32.9,29.3
13-07-2025,63,31.4,243,22.4,22.4,16.64,29.9,31.9,28.6
14-07-2025,65,38.9,245,64.2,64.2,11.43,28.9,30,27.5
15-07-2025,65,29.1,253,25.8,25.8,9.86,30.2,31.7,29
16-07-2025,53,27,260,3.6,3.6,20.08,31.2,32.3,30.3
17-07-2025,55,19.4,247,3.8,3.8,20.66,32.1,33.4,30.6
18-07-2025,53,22,261,3,3,20.85,31.8,33,30.2
19-07-2025,53,23.7,240,4.4,4.4,19.19,30.7,32.6,29.4
20-07-2025,63,24.9,228,16.8,16.8,17.99,30,30.8,29
21-07-2025,63,23.4,241,42.9,42.9,9.84,30.5,31.5,29.7
22-07-2025,63,28.3,259,42.8,42.8,10.46,30.2,31.1,28.5
23-07-2025,61,33.2,250,12.3,12.3,10.23,29.3,31.3,26.7
24-07-2025,63,38.9,241,28.7,28.7,8.86,28.9,29.8,27.9
25-07-2025,63,42.3,252,38,38,8.23,28.6,29.5,27.4
26-07-2025,63,46,257,23.2,23.2,11.6,27.8,29,26.2
27-07-2025,63,49.9,247,9.1,9.1,19.02,27,27.8,25.5
28-07-2025,55,49.6,251,6.3,6.3,17.14,27.1,28.2,25.7
29-07-2025,61,47.5,254,10.3,10.3,10.8,27.3,28.2,25.9
30-07-2025,53,40.7,244,4.1,4.1,8.64,28.1,29.1,27.3
31-07-2025,53,40.2,238,5.8,5.8,13.51,28.3,29.8,27.1
01-08-2025,53,33.8,244,5.2,5.2,19.38,29.6,30.9,27.8
02-08-2025,61,25.5,245,8.3,8.3,18.73,30.1,31.2,29
03-08-2025,53,19.9,234,4.3,4.3,19.13,30.7,31.9,29.4
04-08-2025,53,21.4,261,2.3,2.3,21.19,31.3,32.2,30.3
05-08-2025,51,23.8,277,1.4,1.4,22.36,31.6,33.1,30.2
06-08-2025,53,23.5,294,0.7,0.7,20.36,32,32.7,30.8
07-08-2025,51,20.1,294,1.5,1.5,14.81,32,33.2,30.4
08-08-2025,53,15.3,275,2.7,2.7,12.54,31.8,32.6,31.1
09-08-2025,51,17.5,253,1.3,1.3,19.02,31.6,32.5,30.3
10-08-2025,53,22.5,246,3.5,3.5,15.47,30.9,31.9,29.7
11-08-2025,53,24.9,255,5.5,5.5,19.18,30.4,31.7,29.6
12-08-2025,55,27.6,261,8.1,8.1,18.18,30.1,31.1,29.1
13-08-2025,63,23,243,15.3,15.3,14.78,30.1,31,29.3
14-08-2025,65,31.8,232,97.8,97.8,9.16,29.7,31.2,28.5
15-08-2025,63,28.5,251,41.3,41.3,9.67,29.9,31.1,29.2
16-08-2025,63,27,251,29.5,29.5,5.83,29.5,30.3,28.4
17-08-2025,63,38.3,241,33.6,33.6,16.33,28.7,30.6,27.3
18-08-2025,65,44.6,249,125.5,125.5,4.57,27.2,28.5,25.8
19-08-2025,65,55.6,251,108.7,108.7,4.94,26.4,27.4,25.3
20-08-2025,65,50.2,240,55.7,55.7,5.35,26.6,27.4,25.4
21-08-2025,61,41.4,235,8.2,8.2,19.72,28.1,28.9,27.4
22-08-2025,61,38.2,242,9.5,9.5,20.26,28.4,29.5,27.3
23-08-2025,63,42.7,239,6.2,6.2,19.38,27.7,28.7,26.7
24-08-2025,61,40.8,239,8.3,8.3,20.91,27.6,28.8,26.2
25-08-2025,63,41.8,243,27.1,27.1,8.66,27.7,29.6,25.8
26-08-2025,63,36.5,261,17,17,16.32,29.1,30,27.8
27-08-2025,55,23.6,279,7.9,7.9,17.89,30.4,31.8,29.6
28-08-2025,63,22.8,280,16.6,16.6,14.01,30.8,32,29.3
29-08-2025,61,20.8,229,12.5,12.5,15.26,30.5,31.6,29.7
30-08-2025,61,25.6,241,5.1,5.1,18.35,30.6,32.4,29.1
31-08-2025,61,31,254,7.5,7.5,15.94,29.3,30.3,27.8
01-09-2025,63,38,258,13.8,13.8,16.81,28.4,29.3,27.8
02-09-2025,53,29.8,272,3.9,3.9,19.44,29.4,30.7,28
03-09-2025,61,33.5,283,6.4,6.4,20.42,29.9,31.5,28.4
04-09-2025,63,29,274,22.2,22.2,7.03,29.1,30.3,28.2
05-09-2025,61,28.1,261,14.4,14.4,9.68,29.7,30.5,28.9
06-09-2025,61,34.6,235,10.3,10.3,11.35,28.3,29.7,26.8
07-09-2025,65,35.3,224,22.5,22.5,16.65,28.7,30.5,26.9
08-09-2025,53,28.6,205,4.1,4.1,21.23,29.8,31.6,27.8
09-09-2025,51,20.6,198,0.3,0.3,23.42,31.5,33.4,29
10-09-2025,51,20,305,0.1,0.1,23.27,31.9,33.4,30.5
11-09-2025,53,20.1,299,1.1,1.1,21.38,31.5,32.5,30.6
12-09-2025,51,21.9,323,1.1,1.1,20.26,31.6,33,30
13-09-2025,63,25.7,319,17.5,17.5,15.7,30.6,31.4,29.8
14-09-2025,65,27.9,323,43.1,43.1,17.2,30.7,32.7,29.4
15-09-2025,65,32,302,48.5,48.5,8.18,30.1,31.3,28.5
16-09-2025,55,20.2,285,12,12,8.61,31,32,29.8
17-09-2025,61,18.4,281,9.9,9.9,14.8,31.5,32.6,30.2
18-09-2025,63,18.8,286,11.9,11.9,11.13,31.4,32.5,30.3
19-09-2025,63,20.7,246,18.5,18.5,17.06,31,32.4,29.9
20-09-2025,63,21.4,258,13.1,13.1,17.77,31.4,32.3,30.5
21-09-2025,63,23.5,288,11.4,11.4,17.07,31.2,32,29.8
22-09-2025,63,23.8,291,20.7,20.7,12.33,30.8,32.2,29.1
23-09-2025,61,25.9,276,7.3,7.3,13.17,31.1,32,29.1
24-09-2025,53,18.7,266,2.1,2.1,19.7,31,32.1,30.3
25-09-2025,51,15.8,256,2.2,2.2,20.38,31.4,32.5,29
26-09-2025,53,20.8,303,1.5,1.5,18.95,31.8,33,30.5
27-09-2025,65,45.4,287,41.8,41.8,11.9,29.8,31,27.9
28-09-2025,65,50.5,258,87,87,2.47,27,29.5,25
29-09-2025,55,45.2,222,6.4,6.4,14.08,28.1,29.6,25.9
30-09-2025,61,34.8,194,9.4,9.4,17.27,27.5,28.6,26.6
01-10-2025,63,35.5,185,9.6,9.6,18.15,28.7,30.5,26.9
02-10-2025,55,35.3,181,6.6,6.6,13.79,28.6,30.4,27.2
03-10-2025,55,29.5,188,5.5,5.5,19.7,30.3,32.1,28.3
04-10-2025,51,24.5,199,0.8,0.8,20.27,30.8,32.3,29.4
05-10-2025,53,17.8,223,1.4,1.4,15.96,30.7,31.4,29.8
06-10-2025,53,19.3,221,3.4,3.4,20.46,30.5,31.5,29.8
07-10-2025,51,16.9,298,0.5,0.5,19.96,31.3,32.9,29.9
08-10-2025,51,27.4,344,0.3,0.3,20.6,31.6,32.9,30
09-10-2025,3,22.3,357,0,0,21.28,31.8,33.7,29.6
10-10-2025,1,22.4,3,0,0,21.44,32,35.8,30.1
11-10-2025,1,24.4,349,0,0,21.38,31.9,35.2,30.2
12-10-2025,0,23.1,359,0,0,21.27,32.2,36.1,30.5
13-10-2025,1,21.6,351,0,0,21.18,31.7,34.8,30.1
14-10-2025,0,25.8,357,0,0,21.19,31.7,35.6,28.8
15-10-2025,3,22.6,53,0,0,19.9,31.9,34.5,28.7
16-10-2025,63,22.1,36,5.1,5.1,19.42,33.4,38.1,28.1
17-10-2025,3,28.7,5,0,0,19.89,33.8,37.9,31.7
18-10-2025,0,15.8,15,0,0,19.94,33.9,37.1,31.3
19-10-2025,1,20.5,344,0,0,19.98,33.8,37.2,31.7
20-10-2025,2,31.3,13,0,0,19.67,32.9,36.6,31
21-10-2025,61,23.4,35,5.3,5.3,18.68,32.8,35.8,31
22-10-2025,51,17.8,30,0.1,0.1,19.13,34,36.4,32.6
23-10-2025,51,29.9,39,0.3,0.3,19.05,33.6,37.4,31.5
24-10-2025,63,22.1,125,7.3,7.3,10.93,33.2,36.3,31.1
25-10-2025,61,32.8,143,12,12,12.4,30.7,32.3,28.4
26-10-2025,63,33,142,32.7,32.7,4.18,29,31,27
27-10-2025,63,43.6,158,9.9,9.9,14.31,29.1,32.6,25.6
28-10-2025,51,44.8,149,0.6,0.6,16.02,29.8,33.5,27.5
29-10-2025,63,42.6,163,7.4,7.4,18.31,29.8,34.6,27.7
30-10-2025,65,38.6,161,19.9,19.9,14.93,28.7,30.8,27.2
31-10-2025,61,43.4,165,5.5,5.5,15.12,28.5,29.4,27.1
01-11-2025,61,33.1,178,4,4,15.09,29.7,31.6,28
02-11-2025,53,27.9,193,4.7,4.7,13.04,30.1,31.5,28.6
03-11-2025,53,19.3,208,2.6,2.6,17.43,31.1,32.7,29.1
04-11-2025,51,22.5,281,1.9,1.9,16.8,31,31.8,29.4
05-11-2025,53,18.7,339,1.5,1.5,18.01,30.1,31.8,29.4
06-11-2025,3,25.7,348,0,0,17,30.3,31.7,29
07-11-2025,3,25.3,352,0,0,18.33,30.4,33.3,26.9
08-11-2025,0,25.7,16,0,0,19.32,30.2,34.5,26.3
09-11-2025,0,21.2,339,0,0,19.37,28.5,29.5,27.4
10-11-2025,2,17.3,243,0,0,19.26,29,30.2,27
11-11-2025,0,23,2,0,0,19,28.3,30.9,25.4
12-11-2025,0,26,21,0,0,18.94,27.9,31.2,24.7
13-11-2025,0,21.5,19,0,0,18.99,28.4,31.8,25
14-11-2025,0,18.8,36,0,0,19.04,28.1,31.7,24.2
15-11-2025,0,27.7,41,0,0,19.1,27.2,31.8,23.6
16-11-2025,0,27.4,41,0,0,19.07,26.7,31.2,23.2
17-11-2025,0,31,33,0,0,19.09,25.8,29.9,22.7
18-11-2025,0,28.7,33,0,0,19.14,25.5,29.5,21.3
19-11-2025,0,20.3,28,0,0,18.83,26.6,31.1,21.8
20-11-2025,3,23.4,14,0,0,18.63,27.1,31.1,23.1
21-11-2025,1,21.9,20,0,0,18.14,28,32.8,23.4
22-11-2025,3,18.8,9,0,0,17.47,29.4,31.6,26.4
23-11-2025,3,22.6,341,0,0,17.27,29.8,31.1,28.6
24-11-2025,3,24.1,341,0,0,17.16,29.8,31,28.8
25-11-2025,2,18.5,343,0,0,16.8,30.4,31.7,28.7
26-11-2025,2,22.6,342,0,0,16.86,30.1,31.4,28.8
27-11-2025,0,22.6,355,0,0,17.12,29.4,32.6,26.8
28-11-2025,3,27.5,2,0,0,17.38,28.7,32.2,26.1
29-11-2025,3,24.8,20,0,0,17.01,27.4,30.3,25.2
30-11-2025,3,29.2,11,0,0,17.53,26.2,28.9,23.5
01-12-2025,3,25.2,11,0,0,17.52,27,30.4,23.4
02-12-2025,3,25.2,355,0,0,16.79,26.4,29,23.4
03-12-2025,1,25.3,18,0,0,17.41,27.2,31.8,23.1
